title,flavor,serving,price
Optitect Protein Bun, 200 Gm, 438122
Laperva Iso Triple Zero Next Generation Whey Protein, Belgian Chocolate, 2 LB, 3923577
Laperva Triple Mass Gainer, Milk Chocolate, 6 LB, 3899719
Applied Nutrition ISO-XP 100% Whey Protein Isolate, Chocolate Peanut, 1 kg, 2977928
Muscletech Nitro Tech Whey Protein, Milk Chocolate, 2 LB, 2468231
Dymatize ISO 100 Hydrolyzed whey protein isolate, Fruity Pebbles, 1.34 LB, 2724164
Body Builder Whey Protein, Milk Chocolate, 2 LB, 1869610
Optimum Nutrition Gold Standard 100% Whey Protein, French Vanilla, 2 LB, 3322786
Applied Nutrition Critical Mass Lean Mass Gainz, Chocolate, 2.45 Kg, 2242664
Muscletech Mass Tech Extreme 2000, Triple Chocolate Brownie, 6 LB, 2724164
Muscletech Nitro Tech Whey Gold, Double Rich Chocolate, 2 LB, 2422684
Muscletech Mass Tech, Chocolate Fudge Cake, 6 LB, 3301097
Xtend Original BCAA, Smash Apple, 30, 1939015
Laperva Triple BCAA, Crazy Watermelon, 30, 1730799
Cellucor C4 Original, Pink Lemonade, 30, 1615846
Laperva Keto BCAA, Grape, 30, 1941184
Laperva Super Greens, Blueberry & Pomegranate, 330 Gm, 3635110
Laperva Triple Power Pre-Workout, Blue Raspberry, 30, 1824062
Body Builder Energy Pre workout Plus BCAA, Green Apple, 30, 1362082
Applied Nutrition Original Formula Critical Mass, White Choco Bueno, 6 Kg, 4500509
Body Builder BCAA, Mango, 30, 854555
Body Builder Creatine Monohydrate, 60, Unflavored, 900102
Cellucor C4 Ripped, Icy Blue Raz, 30, 2238326
Optimum Nutrition Serious Mass, Chocolate, 6 LB, 3808624
Applied Nutrition BCAA Amino Hydrate, Pineapple, 32 Serving, 1776346
Applied Nutrition BCAA 6k, 300 Tablets, 1331717
MuscleTech Creatine Cell Tech Creactor, Unflavored, 120, 1939015
Laperva Triple Carb, Unflavored, 2.8 Lb, 3231691
Applied Nutrition Micellar Casein Protein, Chocolate, 1.8 Kg, 4914773
Optimum Nutrition Gold Standard 100% Casein, Chocolate Supreme, 2 LB, 3669813
Optitect Protein Bun, 200 Gm, 438122
Laperva Iso Triple Zero Next Generation Whey Protein, Belgian Chocolate, 2 LB, 3923577
Laperva Triple Mass Gainer, Milk Chocolate, 6 LB, 3899719
Applied Nutrition ISO-XP 100% Whey Protein Isolate, Chocolate Peanut, 1 kg, 2977928
Muscletech Nitro Tech Whey Protein, Milk Chocolate, 2 LB, 2468231
Dymatize ISO 100 Hydrolyzed whey protein isolate, Fruity Pebbles, 1.34 LB, 2724164
Body Builder Whey Protein, Milk Chocolate, 2 LB, 1869610
Optimum Nutrition Gold Standard 100% Whey Protein, French Vanilla, 2 LB, 3322786
Applied Nutrition Critical Mass Lean Mass Gainz, Chocolate, 2.45 Kg, 2242664
Muscletech Mass Tech Extreme 2000, Triple Chocolate Brownie, 6 LB, 2724164
Muscletech Nitro Tech Whey Gold, Double Rich Chocolate, 2 LB, 2422684
Muscletech Mass Tech, Chocolate Fudge Cake, 6 LB, 3301097
Xtend Original BCAA, Smash Apple, 30, 1939015
Laperva Triple BCAA, Crazy Watermelon, 30, 1730799
Cellucor C4 Original, Pink Lemonade, 30, 1615846
Laperva Keto BCAA, Grape, 30, 1941184
Laperva Super Greens, Blueberry & Pomegranate, 330 Gm, 3635110
Laperva Triple Power Pre-Workout, Blue Raspberry, 30, 1824062
Body Builder Energy Pre workout Plus BCAA, Green Apple, 30, 1362082
Applied Nutrition Original Formula Critical Mass, White Choco Bueno, 6 Kg, 4500509
Body Builder BCAA, Mango, 30, 854555
Body Builder Creatine Monohydrate, 60, Unflavored, 900102
Cellucor C4 Ripped, Icy Blue Raz, 30, 2238326
Optimum Nutrition Serious Mass, Chocolate, 6 LB, 3808624
Applied Nutrition BCAA Amino Hydrate, Pineapple, 32 Serving, 1776346
Applied Nutrition BCAA 6k, 300 Tablets, 1331717
MuscleTech Creatine Cell Tech Creactor, Unflavored, 120, 1939015
Laperva Triple Carb, Unflavored, 2.8 Lb, 3231691
Applied Nutrition Micellar Casein Protein, Chocolate, 1.8 Kg, 4914773
Optimum Nutrition Gold Standard 100% Casein, Chocolate Supreme, 2 LB, 3669813
Optitect Protein Bun, 200 Gm, 438122
Laperva Iso Triple Zero Next Generation Whey Protein, Belgian Chocolate, 2 LB, 3923577
Laperva Triple Mass Gainer, Milk Chocolate, 6 LB, 3899719
Applied Nutrition ISO-XP 100% Whey Protein Isolate, Chocolate Peanut, 1 kg, 2977928
Muscletech Nitro Tech Whey Protein, Milk Chocolate, 2 LB, 2468231
Dymatize ISO 100 Hydrolyzed whey protein isolate, Fruity Pebbles, 1.34 LB, 2724164
Body Builder Whey Protein, Milk Chocolate, 2 LB, 1869610
Optimum Nutrition Gold Standard 100% Whey Protein, French Vanilla, 2 LB, 3322786
Applied Nutrition Critical Mass Lean Mass Gainz, Chocolate, 2.45 Kg, 2242664
Muscletech Mass Tech Extreme 2000, Triple Chocolate Brownie, 6 LB, 2724164
Muscletech Nitro Tech Whey Gold, Double Rich Chocolate, 2 LB, 2422684
Muscletech Mass Tech, Chocolate Fudge Cake, 6 LB, 3301097
Xtend Original BCAA, Smash Apple, 30, 1939015
Laperva Triple BCAA, Crazy Watermelon, 30, 1730799
Cellucor C4 Original, Pink Lemonade, 30, 1615846
Laperva Keto BCAA, Grape, 30, 1941184
Laperva Super Greens, Blueberry & Pomegranate, 330 Gm, 3635110
Laperva Triple Power Pre-Workout, Blue Raspberry, 30, 1824062
Body Builder Energy Pre workout Plus BCAA, Green Apple, 30, 1362082
Applied Nutrition Original Formula Critical Mass, White Choco Bueno, 6 Kg, 4500509
Body Builder BCAA, Mango, 30, 854555
Body Builder Creatine Monohydrate, 60, Unflavored, 900102
Cellucor C4 Ripped, Icy Blue Raz, 30, 2238326
Optimum Nutrition Serious Mass, Chocolate, 6 LB, 3808624
Applied Nutrition BCAA Amino Hydrate, Pineapple, 32 Serving, 1776346
Applied Nutrition BCAA 6k, 300 Tablets, 1331717
MuscleTech Creatine Cell Tech Creactor, Unflavored, 120, 1939015
Laperva Triple Carb, Unflavored, 2.8 Lb, 3231691
Applied Nutrition Micellar Casein Protein, Chocolate, 1.8 Kg, 4914773
Optimum Nutrition Gold Standard 100% Casein, Chocolate Supreme, 2 LB, 3669813
Optitect Protein Bun, 200 Gm, 438122
Laperva Iso Triple Zero Next Generation Whey Protein, Belgian Chocolate, 2 LB, 3923577
Laperva Triple Mass Gainer, Milk Chocolate, 6 LB, 3899719
Applied Nutrition ISO-XP 100% Whey Protein Isolate, Chocolate Peanut, 1 kg, 2977928
Muscletech Nitro Tech Whey Protein, Milk Chocolate, 2 LB, 2468231
Dymatize ISO 100 Hydrolyzed whey protein isolate, Fruity Pebbles, 1.34 LB, 2724164
Body Builder Whey Protein, Milk Chocolate, 2 LB, 1869610
Optimum Nutrition Gold Standard 100% Whey Protein, French Vanilla, 2 LB, 3322786
Applied Nutrition Critical Mass Lean Mass Gainz, Chocolate, 2.45 Kg, 2242664
Muscletech Mass Tech Extreme 2000, Triple Chocolate Brownie, 6 LB, 2724164
Muscletech Nitro Tech Whey Gold, Double Rich Chocolate, 2 LB, 2422684
Muscletech Mass Tech, Chocolate Fudge Cake, 6 LB, 3301097
Xtend Original BCAA, Smash Apple, 30, 1939015
Laperva Triple BCAA, Crazy Watermelon, 30, 1730799
Cellucor C4 Original, Pink Lemonade, 30, 1615846
Laperva Keto BCAA, Grape, 30, 1941184
Laperva Super Greens, Blueberry & Pomegranate, 330 Gm, 3635110
Laperva Triple Power Pre-Workout, Blue Raspberry, 30, 1824062
Body Builder Energy Pre workout Plus BCAA, Green Apple, 30, 1362082
Applied Nutrition Original Formula Critical Mass, White Choco Bueno, 6 Kg, 4500509
Body Builder BCAA, Mango, 30, 854555
Body Builder Creatine Monohydrate, 60, Unflavored, 900102
Cellucor C4 Ripped, Icy Blue Raz, 30, 2238326
Optimum Nutrition Serious Mass, Chocolate, 6 LB, 3808624
Applied Nutrition BCAA Amino Hydrate, Pineapple, 32 Serving, 1776346
Applied Nutrition BCAA 6k, 300 Tablets, 1331717
MuscleTech Creatine Cell Tech Creactor, Unflavored, 120, 1939015
Laperva Triple Carb, Unflavored, 2.8 Lb, 3231691
Applied Nutrition Micellar Casein Protein, Chocolate, 1.8 Kg, 4914773
Optimum Nutrition Gold Standard 100% Casein, Chocolate Supreme, 2 LB, 3669813
Optitect Protein Bun, 200 Gm, 438122
Laperva Iso Triple Zero Next Generation Whey Protein, Belgian Chocolate, 2 LB, 3923577
Laperva Triple Mass Gainer, Milk Chocolate, 6 LB, 3899719
Applied Nutrition ISO-XP 100% Whey Protein Isolate, Chocolate Peanut, 1 kg, 2977928
Muscletech Nitro Tech Whey Protein, Milk Chocolate, 2 LB, 2468231
Dymatize ISO 100 Hydrolyzed whey protein isolate, Fruity Pebbles, 1.34 LB, 2724164
Body Builder Whey Protein, Milk Chocolate, 2 LB, 1869610
Optimum Nutrition Gold Standard 100% Whey Protein, French Vanilla, 2 LB, 3322786
Applied Nutrition Critical Mass Lean Mass Gainz, Chocolate, 2.45 Kg, 2242664
Muscletech Mass Tech Extreme 2000, Triple Chocolate Brownie, 6 LB, 2724164
Muscletech Nitro Tech Whey Gold, Double Rich Chocolate, 2 LB, 2422684
Muscletech Mass Tech, Chocolate Fudge Cake, 6 LB, 3301097
Xtend Original BCAA, Smash Apple, 30, 1939015
Laperva Triple BCAA, Crazy Watermelon, 30, 1730799
Cellucor C4 Original, Pink Lemonade, 30, 1615846
Laperva Keto BCAA, Grape, 30, 1941184
Laperva Super Greens, Blueberry & Pomegranate, 330 Gm, 3635110
Laperva Triple Power Pre-Workout, Blue Raspberry, 30, 1824062
Body Builder Energy Pre workout Plus BCAA, Green Apple, 30, 1362082
Applied Nutrition Original Formula Critical Mass, White Choco Bueno, 6 Kg, 4500509
Body Builder BCAA, Mango, 30, 854555
Body Builder Creatine Monohydrate, 60, Unflavored, 900102
Cellucor C4 Ripped, Icy Blue Raz, 30, 2238326
Optimum Nutrition Serious Mass, Chocolate, 6 LB, 3808624
Applied Nutrition BCAA Amino Hydrate, Pineapple, 32 Serving, 1776346
Applied Nutrition BCAA 6k, 300 Tablets, 1331717
MuscleTech Creatine Cell Tech Creactor, Unflavored, 120, 1939015
Laperva Triple Carb, Unflavored, 2.8 Lb, 3231691
Applied Nutrition Micellar Casein Protein, Chocolate, 1.8 Kg, 4914773
Optimum Nutrition Gold Standard 100% Casein, Chocolate Supreme, 2 LB, 3669813
Optitect Protein Bun, 200 Gm, 438122
Laperva Iso Triple Zero Next Generation Whey Protein, Belgian Chocolate, 2 LB, 3923577
Laperva Triple Mass Gainer, Milk Chocolate, 6 LB, 3899719
Applied Nutrition ISO-XP 100% Whey Protein Isolate, Chocolate Peanut, 1 kg, 2977928
Muscletech Nitro Tech Whey Protein, Milk Chocolate, 2 LB, 2468231
Dymatize ISO 100 Hydrolyzed whey protein isolate, Fruity Pebbles, 1.34 LB, 2724164
Body Builder Whey Protein, Milk Chocolate, 2 LB, 1869610
Optimum Nutrition Gold Standard 100% Whey Protein, French Vanilla, 2 LB, 3322786
Applied Nutrition Critical Mass Lean Mass Gainz, Chocolate, 2.45 Kg, 2242664
Muscletech Mass Tech Extreme 2000, Triple Chocolate Brownie, 6 LB, 2724164
Muscletech Nitro Tech Whey Gold, Double Rich Chocolate, 2 LB, 2422684
Muscletech Mass Tech, Chocolate Fudge Cake, 6 LB, 3301097
Xtend Original BCAA, Smash Apple, 30, 1939015
Laperva Triple BCAA, Crazy Watermelon, 30, 1730799
Cellucor C4 Original, Pink Lemonade, 30, 1615846
Laperva Keto BCAA, Grape, 30, 1941184
Laperva Super Greens, Blueberry & Pomegranate, 330 Gm, 3635110
Vedaone Organic Neem, 60 Tablets, 750 mg, 1500893
Source Natural Apple Cider Vinegar, 90 Tablets, 500 mg, 0
Now Cranberry Caps, 100 Veggie Capsules, 1400 mg, 0
Applied Nutrition Protein Crunch Bar, Milk Chocolate Peanut, 1 Bar, 208217
Muscletech Euphoriq Pre Workout, Yuzu Lemonade, 20, 3899719
Body Builder Hip Resistance Circle Band, 1 Piece, 576933
Optimum Nutrition BCAA Capsules, 60 Capsules, 1000 mg, 1591988
ISDIN Post Solar After Sun Lotion, 200 ML, 2121204
Source Natural Black Cohosh, 120 Tablets, 80 mg, 1743812
Garden Of Life Dr Formulated Magnesium Powder, Orange, 198 G, 2123373
OptiTect Quinoa Cookies, Belgian Dark Chocolate Chips, 1 Piece, 416433
Pharmed Fertimed Men, 30 Sachets, Tangerine Wave, 8966316
Kangzyuan Tritan Bottle, Green, 1000 Ml, 1093136
Universal Nutrition Animal Stak, 21 Packs, 3322786
Universal Nutrition Animal M-Stak, 21 Packs, 3554860
Universal Nutrition Animal Pump, 30 Packs, 3645955
Wow Woman Marine Collagen and Clear Whey Protein, Blue Raspberry, 1.8 LB, 5285659
Laperva Pump Testo, Strawberry, 300 Gm, 2515948
Source Naturals Mood Balance, 90 Tablets, 1383771
Laperva sweetcious, 100 Sticks, 900102
Source Naturals Male Nitro, 60 Tablets, 1307859
Optimum Nutrition Gold Standard Pre-Workout, Watermelon, 300 Gm, 2791401
Source Naturals SOD, 90 Tablets, 2000 IU 50 mcg, 923960
Applied Nutrition Body Fuel, Lemon Lime, 500 ML, 114953
Source Naturals Pure Inositol, 2 Oz, 1648380
Optitect Hair, Skin, & Nails Gummies, 30 Vegan Gummies, 761291
Laperva Grey Away, 60 Veggie Capsules, 4591604
Vitafit Barley Grass Powder, 200 Gm, 3635110
Team One Dr N O Pre-workout, Mango, 30, 2745853
Universal Nutrition Animal Juiced Aminos, Orange, 30, 2745853
Beosigner Complete Set Machine, White, 184594613
Optitect Walking Stick With LED Light, Black, 1 Piece, 691886
Triple Power Sleeveless T-Shirt, Black, 2XL, 438122
Saltsticks Electrolytes Fastchews, Lemon Lime, 60 Chewable Tablets, 2205792
Quest Protein Chips, Spicy Sweet Chili, 1 Piece, 364379
RYSE Loaded Creatine, Baja Cooler, 30, 3669813
RYZE BCAA Focus, Lemonade Country Time, 30, 2053968
RYSE Godzilla Pre Workout, Strawberry Kiwi, 40, 5261800
RYSE Fermented L Glutamine, Unflavored, 60, 1477035
Oh My Oh! Vitamin C, Tangy Orange, 60 Gummies, 2977928
Hairtamin Biotin Shampoo, 207 ML, 1869610
Hello March Chia Seeds Quinoa Flat Noodles, 250 Gm, 438122
Applied Nutrition Calcium and Magnesium, 60 Veggie Capsules, 1776346
Now Organic Orange Oil, 118 ML, 0
Source Naturals Activated Quercetin, 50 Tablets, 1000 mg, 1268819
Laperva Vitamin E, 30 Veggie Capsules, 400 IU, 2053968
Source Naturals Holy Basil, 60 Capsules, 450 mg, 923960
Source Naturals K-Mag Aspartate, 60 Tablets, 1817555
Source Naturals Mega One, 30 Tablets, 1162542
Metabofit Weight Loss Gum, Lemon Mint, 60 Gummies, 2179765
Helan Anti Stretch Mark Cream, 1 Piece, 2283873
Source Naturals Caffeine + L Theanine, 120 Tablets, 2318576
Laperva Ultra Kids Multivitamin, Raspberry, 30 Vegan Gummies, 576933
Applied Nutrition Gainer Muscle Builder, Chocolate Milkshake, 1.8 Kg, 1672238
Aroma Tierra Organic Ylang Ylang Essential Oil, 10 ML, 3170962
Aroma Tierra Organic Ginger Essential Oil, 10 ML, 2639576
Aroma Tierra Organic Prickly Pear Oil, 30 Ml, 6530619
Vitamin Well Upgrade, Lemon - Cactus, 500 ML, 242920
Laperva Protein Rolls, Chocolate Hazelnut, 1 Bar, 347028
Laperva Perfect Stevia, 300 Gm, 563920
Body Builder Military Backpack Bag, 1 Piece, 2283873
Body Builder Duffel Bag, 1 Piece, 739602
Shea Ray Organic Shea Butter With Lavender Essential Oil, 100 ML, 1817555
Body Builder Wrist Support, Black & Orange, 646339
Now Organic Chlorella, 200 Tablets, 500 mg, 1153866
Bite & More Protein Pancake, Speculoos, 1 Piece, 364379
Applied Nutrition Vitamin C Vitality, 100 Capsules, 1000 mg, 2077826
Novaclear Urban Sunblock Face Cream SPF 50+ for Sensitive Skin, 40 ML, 3392191
Team One Beta Alanine, 120 Capsules, 2283873
RYSE Creatine Monohydrate, Unflavored, 60, 2515948
Oh My Oh! Calcium With D3, Citrus Punch, 40 Gummies, 3808624
Garden Of Life Vitamin Code Raw D3, 60 Veggie Capsules, 2000 IU, 2468231
Laperva Citro Magnesium, 30 Vegan Gummies, 400 mg, 1800204
Source Naturals Chromium Chelate, 100 Tablets, 200 mcg, 0
Chikalab Mulatta Protein Chocolate Buttercream, 250 Gm, 1030237
Chikalab Protein Cookies, Chocolate Covered Strawberries, 1 Piece, 297143
Optitect Ashwagandha, 60 Veggie Gummies, 150 mg, 1151697
Laperva Beetroot, 30 Veggie Capsules, 650 mg, 576933
Shea Ray Organic Shea Butter With Sweet Orange, Ylang Ylang, and Lavender Essential Oil, 100 ML, 1817555
Shea Ray 100% Pure Organic Shea Butter, 50 ML, 1574636
Laperva Triple Vegan Protein, Chocolate, 2 LB, 2860806
Natures Answer Licorice Root, 30 Ml, 575 mg, 1661393
Applied Nutrition Water Bottle, 600 ML, Blue, 347028
Body Builder Power Pumped Wrist Wrap, 1 Piece, 576933
Body Builder Ankle Strap Neoprene, 1 Piece, 670197
Body Builder Cotton Wrist Wraps, 1 Piece, 900102
Body Builder Knee Sleeve, L, 2168920
Laperva Calcium Plus Vitamin D3, 30 Vegan Gummies, Lemon, 1108319
Pure & Sure Organic Green Curry Paste, 50 Gm, 229906
Pure & Sure Organic Black Urad Whole, 500 Gm, 247257
Vedaone Natural Castor Oil, 100 ML, 1500893
Now Beta Alanine Endurance, 120 Veggie Capsules, 750 mg, 1824062
Now NAC, 100 Veggie Capsules, 600 mg, 1038913
Now Aloe And Probiotics, 60 Veggie Capsules, 1130008
Now Probiotic, 30 Veggie Capsules, 100 Billion Active Cells, 2123373
Now Maca Organic Powder, 198 G, 1693927
Now Maca, 100 Veggie Capsules, 500 mg, 806839
Now Vitamin D3, 240 Softgels, 10000 IU, 1407630
Now Liquid Chlorophyll, Peppermint, 473 Ml, 0
Applied Nutrition TUDCA Plus NAC, 90 Capsules, 3461597
Najel Aleppo Soap Shower Gel with Jasmine Organic, 500 ML, 2353279
Now Chlorella Pure Powder, 113 Gm, 1038913
Accu Chek Guide, 1 Piece, 2283873
Source Naturals Chromium Chelate, 100 Tablets, 200 mcg, 0
Chikalab Mulatta Protein Chocolate Buttercream, 250 Gm, 1030237
Chikalab Protein Cookies, Chocolate Covered Strawberries, 1 Piece, 297143
Optitect Ashwagandha, 60 Veggie Gummies, 150 mg, 1151697
ISDIN Cicapost Post Scar Creama Cream, 50 Gm, 1865272
Applied Nutrition Beta Alanine Powder, 100, 3000 mg, 1431488
Aroma Tierra Organic Cedarwood Essential Oil, 10 ML, 1839245
Laperva the Complete Muffin, Chocolate Chip, 1 Piece, 347028
Laperva Pure Shilajit, 60 Veggie Capsules, 500 mg, 1338224
ISDIN Lambdapil Anti-hair Loss Lotion, 125 ML, 6276855
ISDIN Fotoultra Redness +50 SPF, 50 ML, 6300713
ISDIN Nutratopic Pro AMP Body Lotion, 400 Ml, 4726077
Muscletech Creatine Chews, Citrus, 90 Chewable Tablets, 2262184
Source Natural Mega One No Iron, 30 Tablets, 1162542
Source Natural Brown Rice Protein Powder, Unflavored, 1LB, 0
Novaclear Acne Kit Box, Kit, 4604618
Novaclear Collagen Facial Foam, 100 ML, 3029982
Novaclear Urban Sunblock Face Cream SPF 50+ for Oily Skin, 40 ML, 3392191
Novaclear Urban Sunblock Face Cream SPF 50+ for Dry Skin, 40 ML, 3392191
Team One Life Mass Gainer Pro, Cookies and Cream, 5 KG, 4591604
Team One Life 100% Isolate Whey, Chocolate, 2 Kg, 6346260
Team One Life Real Mass Gainer, Chocolate, 8 KG, 5053584
Team One Life BCAA 2:1:1, Pink Lemonade, 50, 1362082
Team One Life Micellar Casein, Chocolate, 1 kg, 3437739
Team One Life T-Max Testosterone Booster, 100 Capsules, 2283873
Team One Life Vegan Protein Isolate, Chocolate Hazelnut, 1 kg, 3437739
Optitect Plant Based Hair Oil, 60 ML, 1130008
RYSE Loaded Greens, Lemon Burst, 30, 4246746
RYSE Hydration Electrolytes Sticks, Blue Raspberry, 6 Sticks, 1130008
RYSE Fuel Energy Drink, Sunny D Tangy Original, 1 Can, 277622
Laperva Hydration Electrolytes Effervescent, Samberry, 20 Effervescent Tablets, 576933
Solgar Grass Fed Whey to Go, Chocolate, 377g, 4500509
MuscleTech 100% Grass-Fed Whey Protein, Triple Chocolate, 1.8 LB, 2700306
BSN Nitrix 2.0, 90 Tablets, 4821510
ISDIN Cicapost Post Scar Creama Cream, 50 Gm, 1865272
Applied Nutrition Beta Alanine Powder, 100, 3000 mg, 1431488
Source Naturals Sytrinol, 60 Tablets, 150 mg, 3149272
Source Naturals Policosanol Cardiovascular Health Support, 60 Tablets, 10 mg, 1268819
Laperva Vegan Triple Creatine, 90 Veggie Capsules, 1700 mg, 3461597
Dexter Jackson L Arginine, 1000 mg, 180 Tablets, 1546440
Dexter Jackson Legend Whey Protein, Rich Milk Chocolate, 5 LB, 5053584
Body Builder Weightlift Grip Neoprene, 1 Piece, 900102
Body Builder Lifting Passion Wrist Wrap, 1 Piece, 576933
Body Builder Arm Blaster, 1 Piece, 1730799
Nitro L Arginine, 90 Veggie Capsules, 1500 mg, 2077826
Pure & Sure Organic Chili Powder, 100 Gm, 219061
Pure & Sure Organic Quinoa Seeds, 500 Gm, 479332
Pure & Sure Organic Foxtail Millet, 500 Gm, 253764
Pure & Sure Organic Urad Dal, 500 Gm, 247257
Now Black Cumin Seed Oil, 60 Softgels, 1000 mg, 1362082
Now Calcium and Magnesium With Vitamin D3, 227 Gm, 0
Now Magnesium Inositol Relax Powder, 454 Gm, 0
Now Omega 3, 30 Softgels, 1000 mg, 830697
Body Builder L Carnitine, Tropical, 5000 mg, 1800204
Now Essential Oils Ginger Oil, 30 Ml, 0
Oh My Oh! Hair Skins & Nails, Strawberry, 90 Gummies, 4131793
Now Jasmine Absolute 7.5% Blend, 30 Ml, 1824062
Now Tea tree oil 100% Pure, 30 Ml, 0
Applied Nutrition Critical Plant Protein, Chocolate, 450 GM, 2537637
Body Builder Extended Release Caffeine, 60 Veggie Capsules, 460 mg, 1546440
Now Essential Oils Orange, 30 Ml, 0
Garden Of Life Probiotics Pre Pro Postbiotics, 30 Veggie Capsules, 30 Billion CFU, 2537637
Garden Of Life Raw Organic Plant Based Protein Powder, Unflavored, 1LB, 4591604
Garden Of Life Beets Detox With Apple Cider Vinegar, Cranberry & Pomegranate, 30, 3461597
Hello March Pumpkin Quinoa Ramen Noodles, 250 Gm, 438122
Najel Anti Wrinkle Cactus Seed Oil Organic, 80 ML, 5769328
Source Naturals Sytrinol, 60 Tablets, 150 mg, 3149272
Source Naturals Policosanol Cardiovascular Health Support, 60 Tablets, 10 mg, 1268819
Laperva Vegan Triple Creatine, 90 Veggie Capsules, 1700 mg, 3461597
Dexter Jackson L Arginine, 1000 mg, 180 Tablets, 1546440
Dexter Jackson Legend Whey Protein, Rich Milk Chocolate, 5 LB, 5053584
Body Builder Weightlift Grip Neoprene, 1 Piece, 900102
Body Builder Lifting Passion Wrist Wrap, 1 Piece, 576933
Body Builder Arm Blaster, 1 Piece, 1730799
Nitro L Arginine, 90 Veggie Capsules, 1500 mg, 2077826
Pure & Sure Organic Chili Powder, 100 Gm, 219061
Pure & Sure Organic Quinoa Seeds, 500 Gm, 479332
Pure & Sure Organic Foxtail Millet, 500 Gm, 253764
Pure & Sure Organic Urad Dal, 500 Gm, 247257
Now Black Cumin Seed Oil, 60 Softgels, 1000 mg, 1362082
Now Calcium and Magnesium With Vitamin D3, 227 Gm, 0
Now Magnesium Inositol Relax Powder, 454 Gm, 0
Now Omega 3, 30 Softgels, 1000 mg, 830697
Body Builder L Carnitine, Tropical, 5000 mg, 1800204
Now Essential Oils Ginger Oil, 30 Ml, 0
Oh My Oh! Hair Skins & Nails, Strawberry, 90 Gummies, 4131793
Now Jasmine Absolute 7.5% Blend, 30 Ml, 1824062
Now Tea tree oil 100% Pure, 30 Ml, 0
Applied Nutrition Critical Plant Protein, Chocolate, 450 GM, 2537637
Body Builder Extended Release Caffeine, 60 Veggie Capsules, 460 mg, 1546440
Pure & Sure Organic Basmati Rice, 1 kg, 414264
Now Kelp, 200 Tablets, 150 mcg, 670197
Laperva Selenium, 30 Veggie Capsules, 200 mg, 438122
Body Builder Aqua Balance, 30 Veggie Capsules, 1288339
Body Builder Knee Wrap Support, Black & Red, 830697
Pure & Sure Organic Tea, 250 Gm, 396913
Vedaone Natural Kalonji Oil, 100 ML, 1500893
Now Cal Mag Bone Formula, 120 Veggie Capsules, 0
Now Magnesium Ascorbate, 227 Gm, 1939015
Laperva St. John's Wort Complex, 30 Tablets, 500 mg, 1730799
Universal Nutrition Animal Supercharged Creatine, Fruit Punch, 30, 3669813
Body Builder Sports Diet Meal Organic Plant Based, Pasta With Chickpeas & Olives, 280 Gm, 576933
Universal Nutrition Ultimate Foundation Animal PAK Powder, Orange Burst, 30, 5400611
Heritage Organic Moringa Powder, 200 Gm, 1212427
ISDIN Fotoprotector Fusion Water Magic, 50 ML, 2969252
Source Naturals Alkaline Balance, 240 Tablets, 1845751
Laperva Sleeveless T-Shirt, XL, Black, 438122
Scitec Hot Blood Hardcore Pre Workout, Orange, 30, 4483158
Laperva Keto Cookie, Peanut Butter, 1 Piece, 229906
Universal Nutrition Animal PM Sleep & Night Time Recovery, 30 Packs, 4246746
Body Builder Lifting Belt Double Steel Buckle, L, Black & Yellow, 4591604
Heritage Organic Shredded Coconut, 300 Gm, 969508
Heritage Organic Coconut Aminos Garlic, 250 ML, 1114825
Alvarez Gomez Flores Mediterraneas Jardin Green Tea, 150 ML, 1130008
ISDIN Fotoprotector Fusion Gel Sport Wet Skin, 100 ML, 3138428
ISDIN Fotoprotector Fusion Fluid Mineral, 50 ML, 2969252
ISDIN Fotoultra 100 Active Unify Spf 50+, 50 ML, 3986475
ISDIN Oily Skin Acniben Body Reduction Spray, 150 ML, 4240239
ISDIN Fusion Water Color Medium +50SPF, 50 ML, 4240239
ISDIN Haircare Lambdapil 5 Plus Anti Hair loss, 60 Capsules, 9449985
RYSE Blackout Pump Cap Max, 120 Capsules, 3207833
Universal Nutrition Animal Daily Greens, 30 Packs, 2745853
Najel Facial Scrub Organic, 75 ML, 2283873
Alvarez Gomez Mediterranean White Magnolia, 150 ML, 1130008
Scitec Nutrition 100% Whey Protein Professional, Peanut Butter, 2 LB, 5452665
Adol Paracetamol Syrup, 100 ML, 120 mg, 242920
ISDIN Oily Skin Acniben Gentle Exfoliant Gel, 100 ML, 4240239
Laperva Rasp Fit Protein Bar, White Chocolate Raspberry, 1 Bar, 206048
Kangzyuan Thermal Bottle, Black, 600 ML, 1572467
Body Builder Premium Whey Protein New Gen, Crispy Strawberry, 4 LB, 3457259
Laperva Meal Replacement with Collagen, Mix Flavor, 15 Sachets, 5745470
Heritage Organic Ceylon Cinnamon Powder, 300 Gm, 1331717
Heritage Organic Chocolate Coconut Spread, 210 Gm, 1331717
Heritage Organic Coconut Aminos Teriyaki, 250 ML, 1114825
Heritage Organic Curry Leaves Powder, 200 Gm, 1162542
Alvarez Gomez Mediterranean Flores Verbena and Azahar, 150 ML, 1130008
Alvarez Gomez Flores Mediterraneas Lilas Y Mimosas, 150 ML, 1130008
Alvarez Gomez Flores Mediterraneas Jazmín Noche, 150 ML, 1130008
Scitec Protein Pancake, Chocolate Banana, 1 kg, 4240239
Scitec 100% Whey Protein Isolate, Vanilla, 700 Gm, 5452665
Adol Infants Drops Paracetamol, 15 ML, 100 mg, 160501
Adol Paracetamol, 10 Suppositories, 125 mg, 149656
Starlabs Isojuice Whey Protein Isolate, Banana Mama, 3 LB, 7038146
ISDIN Fotoprotector Fusion Water Magic Repair +50 SPF, 50 ML, 5814875
ISDIN Fotoprotector Fusion Gel Sport Wet Skin, 100 ML, 3138428
ISDIN Fotoprotector Fusion Fluid Mineral, 50 ML, 2969252
ISDIN Fotoultra 100 Active Unify Spf 50+, 50 ML, 3986475
ISDIN Oily Skin Acniben Body Reduction Spray, 150 ML, 4240239
ISDIN Fusion Water Color Medium +50SPF, 50 ML, 4240239
ISDIN Haircare Lambdapil 5 Plus Anti Hair loss, 60 Capsules, 9449985
ISDIN Transparent Spray Wet Skin Ginger Cell SPF+50, 250 ML, 3374840
ISDIN Nutratopic Pro AMP Bath Gel, 400 Ml, 4361699
Body Builder Maca, 30 Veggie Capsules, 400 mg, 900102
ISDIN Hydration Ureadin Ultra10 Repairing, 400 Ml, 3997320
Mom's Organic High Vitamin C Lollipop, 1 Piece, 347028
Muscletech 100% Creatine Capsules, 100 Veggie Capsules, 2400995
Novaclear White Plus Facial Foam, 100 ML, 3029982
Team One P14 Extreme Pre-workout, Mango, 30, 2283873
Team One Arginine, 120 Capsules, 3000 mg, 1591988
Team One Carni Pro, 60 Capsules, 1200 mg, 1824062
Body Builder Energizecore Creatine + Glutamine, Unflavored, 30, 2745853
Fade Fit Kids Snack, Berry Blast, 1 Piece, 208217
Fade Fit Energy Snack, Coconut, 45 Gm, 277622
Fade Fit Protein Balls, Peanut Butter, 30 Gm, 229906
Now 100% Pure & Organic Oil Clove, 30 Ml, 0
Now 100% Pure & Organic Oil Peppermint, 30 Ml, 0
Now 100% Pure & Organic Oil Eucalyptus, 30 Ml, 0
Optitect Plant Based Deodorant, 1 Piece, 830697
Universal Nutrition Animal Primal Loaded, Strawberry Watermelon, 25, 3669813
Universal Nutrition Animal Pure Creatine, Unflavored, 2.2 LB, 4591604
Universal Nutrition Animal Power Balance Women's Wellness, 30 Packs, 4246746
Body Builder WalkingPad Foldable Treadmill 2 in 1, Black, 1 Piece, 57669414
Quest Nutrition Peanut Butter Cups, Peanut Butter, 1 Bar, 364379
Quest Nutrition Protein Bar, Cookies and Cream, 1 Bar, 364379
RYES Loaded Whey Protein, Cinnamon Toast, 20, 3183975
RYSE BCAA + EAA, Strawberry Pineapple, 30, 2168920
Oh My Oh! Omega With DHA, Citrus, 70 Gummies, 4591604
Garden Of Life Raw Organic Plant Based Meal Replacement Protein Powder, Chocolate, 2 LB, 6346260
Bombbar Keto Cookies, Chocolate Cream and Almond, 1 Piece, 212555
Body Builder Abs Wheel Roller, 1 Piece, 1800204
Natural Factors Vegan Hyaluronic Acid, 60 Veggie Capsules, 120 mg, 4038530
Optitect Omega 3 Fish Oil, 30 Vegan Liquid Capsules, 1300 mg, 576933
Bio Protection Omega 3 Fish Oil, 500 Veggie Liquid Capsules, 2000 mg, 11514797
Hairtamin Biotin Conditioner, 207 ML, 1546440
Hairtamin Biotin Deep Condition & Repair Hair Mask, 236 ML, 2884664
Hello March Beetroot Quinoa Fine Noodles, 250 Gm, 438122
Hello March Soy Sauce & Scallion Beetroot Quinoa Dry Noodles, 171 G, 438122
Body Builder Air Walker With Cylinder, 1 Piece, 12807473
Warrior Crunch Protein Bar, Peanut Butter and Jelly, 1 Bar, 253764
Zuccari Waterfirst, Blueberry Apple and Clitoria Flowers, 12 Sticks, 1268819
Applied Nutrition Vitamin B12, 90 Tablets, 1000 mcg, 1685251
Wow Woman Hair Skin & Nails, Passion Fruit, 60 Gummies, 2283873
Optimum Nutrition Gold Standard Pre Advanced, Raspberry Lime Mojito, 20, 3923577
Source Naturals Berry Oxidants, 120 Tablets, 1845751
Source Naturals Pantothenic Acid Vitamin B 5, 100 Tablets, 250 mg, 848048
Promolac Choc Dips 20% Protein, 1 Piece, 219061
Natural Factors Affron Saffron Extract, 30 Vegetable Capsules, 28 mg, 0
Natural Factors Celadrin Pain Relief, 120 Softgels, 350 mg, 3899719
B2O Organic Barley Grass Powder, 200 Gm, 689717
Najel Apricot Oil Organic, 80 ML, 2099515
Najel Purifying Lotion Damascus Rose Hydrolate Organic, 200 ML, 1292677
Najel Body Lotion With Rose Fragrance Organic, 200 ML, 1984562
Najel Pure Olive Soap Organic, 200 Gm, 830697
Source Natural Bee Pollen, 100 Tablets, 500 mg, 1939015
Source Naturals Pycnogenol and Grape Seed Extract, 60 Tablets, 50 mg, 3270732
BSN Syntha-6 Edge Performance Series, Chocolate Milkshake, 2.47 LB, 3368333
Doctor's Best Brain Magnesium, 90 Veggie Capsules, 50 mg, 3463766
Applied Nutrition Taurine , 200, 993366
Team One Amino Charger, Orange, 30, 3437739
Body Builder Men's Bomb, 60 Tablets, 1130008
Now Beta Alanine Powder, 500 Gm, 3207833
Now Ginkgo Biloba, 240 Capsules, 60 mg, 1706941
Applied Nutrition Swirl Duo Bar, Gooey Chocolate, 1 Bar, 193034
Bio Protection Triple Magnesium Complex , 240 Veggie Capsules, 400 mg, 4522199
Now Stinging Nettle Root Extract, 90 Veggie Capsules, 250 mg, 0
Source Naturals L-Ornithine Powder, 100 Gm, 1769839
Now Organic Spirulina, 200 Tablets, 500 mg, 0
Doctor's Best MSM, 180 Capsules, 3000 mg, 1370758
Novaclear Whitening Day Cream, 50 ML, 4604618
Doctor's Best Stabilized R-lipoic Acid, 60 Veggie Capsules, 100 mg, 1767670
Barebells Soft Protein Bar, Caramel Choco, 1 Bar, 294974
Otiblock Ear Spray, 45 ML, 1570299
Optitect Body Shaping Belt, Free Size, Black, 4591604
Doctor's Best CoQ10 L-Carnitine Magnesium, 90 Veggie Capsules, 2140725
Otiblock Pediatric Ear Drops, 18 ML, 1338224
Wow Woman Super Women's Multivitamin & Mineral, 30 Veggie Capsules, 969508
Otidry MD Ear Spray, 30 Ml, 1591988
Source Naturals Calcium Night , 60 Tablets, 1939015
Source Naturals L Lysine, 100 Tablets, 500 mg, 806839
Now Candida Support, 90 Veggie Capsules, 0
Doctor's Best Comprehensive Prostate Formula, 120 Veggie Capsules, 2329421
Applied Nutrition Mushroom Superblend , 160 Gm, 6899335
Source Naturals Vitamin D-3, 2 Oz, 2000 IU 50 mcg, 1939015
Grenade High Protein Bar , Caramel Chaos, 1 Bar, 347028
Amazing Grass Greens Blend Superfood, Chocolate, 240 Gm, 3635110
Compeed Bunion Plasters, 5 Plasters, 1177724
Doctor's Best Brain Magnesium, 90 Veggie Capsules, 50 mg, 3463766
Applied Nutrition Taurine , 200, 993366
Team One Amino Charger, Orange, 30, 3437739
Body Builder Men's Bomb, 60 Tablets, 1130008
Now Beta Alanine Powder, 500 Gm, 3207833
Body Builder Silymarin, 30 Tablets, 806839
USN Plant Based Protein, Vanilla, 1.5 LB, 2283873
Doctor's Best Glucosamine, 180 Capsules, 750 mg, 1310028
Doctor’s Best High-Absorption Magnesium Powder, 200 Gm, 1698265
Doctor's Best Pure Vitamin C Powder, 250 Gm, 1954197
Doctor's Best Digestive Probiotic, 30 Veggie Capsules, 20 Billion, 1459684
Source Naturals Melatonin, 60 Tablets, 5 mg, 4118780
Nutrex Research Isofit, Strawberries & Cream, 2 LB, 3346644
Oh My Oh! Vitamin D3, 2000 IU, 90 Gummies, 2977928
Body Builder Joint Flex, 30 Capsules, 761291
Now Boswellia extract, 90 Softgels, 500 mg, 1730799
Marvis Whitening Toothpaste, Whitening Mint, 900102
Scitec Jumbo Protein Mass Gainer, Chocolate, 6, 5088287
Body Builder Amino, 280 Tablets, 6000 mg, 1824062
NOW Odorless Garlic, 100 Softgels, 1672238
Now Panax Ginseng Extract, 100 Veggie Capsules, 0
Doctor's Best MSM Powder with OptiMSM, 250 Gm, 1125670
Doctor's Best L-Tryptophan, 90 Veggie Capsules, 500 mg, 1702603
Doctor's Best Nattokinase, 90 Veggie Capsules, 2000 FUs, 1414136
Doctor's Best Pepzin Gi, Zinc-l-carnosine Complex, 120 Veggie Capsules, 1993238
Doctor's Best Benfotiamine 150 + Alpha-lipoic Acid 300, 60 Veggie Capsules, 1687420
Doctor's Best NMN, 60 Capsules, 400 mg, 2797907
Doctor's Best Noni Fruit Powder, 120 Veggie Capsules, 1300 mg, 1175555
Doctor's Best Ultra Cordyceps, 60 Veggie Capsules, 750 mg, 1275325
Doctor's Best Calm-Z With Zembrin, 60 Veggie Capsules, 25 mg, 2242664
Doctor's Best Fast Acting Arginine Complex, 60 Tablets, 750 mg, 1568130
Doctor's Best Benfotiamine, 120 Veggie Capsules, 150 mg, 1713447
Doctor's Best Fisetin, 30 Veggie Capsules, 100 mg, 1965042
Body Builder Men's Bomb, 60 Tablets, 1130008
Doctor's Best Natural Vitamin K2 Mk-7, 60 Veggie Capsules, 45 mcg, 919623
Doctor's Best Vitamin E Tocotrienols, 60 Softgels, 50 mg, 1685251
Doctor's Best Alpha-lipoic Acid, 60 Veggie Capsules, 600 mg, 1414136
Doctor's Best Vitamin C With Q-C, 120 Veggie Capsules, 500 mg, 1201582
Doctor's Best Vegan Glucosamine, 180 Veggie Capsules, 1500 mg, 1492217
Doctor's Best Pure L-Arginine Powder, 300 Gm, 1663562
Doctor's Best Digestive Health Probiotic, 60 Veggie Capsules, 2 Billion, 1351238
Doctor's Best Purified & Clear Omega 3 Fish Oil , 120 Marine Softgels, 1000 mg, 2917198
Doctor's Best Fully Active B12, 180 Veggie Capsules, 1500 mcg 5000 IU, 1268819
Doctor’s Best Fully Active B Complex, 30 Veggie Capsules, 863231
Doctor’s Best NAC Detox Regulators, 60 Veggie Capsules, 858893
Doctor’s Best High Absorption Magnesium, 120 Tablets, 200 mg, 1077954
Doctor's Best High Absorption Zinc Bisglycinate 100% Chelated, 90 Veggie Capsules, 50 mg, 871906
Doctor’s Best NMN+ CoQ10, 60 Veggie Capsules, 3075529
Doctor's Best NMN+, 60 Veggie Capsules, 400 mg, 3912732
Nano Supps Protein Pancake Mix, Vanilla, 500 Gm, 2262184
Novaclear Whitening Elbow & Knee Cream, 50 ML, 3270732
Novaclear Whitening Night Cream, 50 ML, 4845368
Novaclear Collagen Serum, 30 Ml, 5814875
Novaclear Gluta White Plus Serum, 30 Ml, 5088287
Novaclear Acne Facial Foam, 100 ML, 2908522
Novaclear Whitening Armpit Roll on, 50 ML, 3513651
Novaclear Whitening Bikini Roll on, 50 ML, 3513651
Team One Amino Energy, Strawberry, 25, 1824062
Team One Pure Creatine Monohydrate, Unflavored, 60, 1362082
Team One Life Fury Pump, Orange, 30, 2283873
Team One Pure L-Glutamine, Unflavored, 60, 1824062
Team One 100% Whey Protein , Chocolate Coconut, 2.2 LB, 2769711
Team One Life HMB  , 120 Capsules, 1000 mg, 2769711
Amazing Grass Greens Blend Energy, Watermelon, 30, 2331589
Amazing Grass Kidz Superfood Blend, Outrageous Chocolate, 30, 1661393
Optitect Plant Based Beard Oil, 60 ML, 670197
Optitect Plant Based Beard Cream, 60 ML, 622481
Source Naturals Pycnogenol, 30 Tablets, 100 mg, 4361699
Source Natural Suma, 24 Tablets, 500 mg, 1138683
Source Naturals Vitamin B-2 Riboflavin, 100 Tablets, 100 mg, 691886
Source Naturals Calcium, 250 Tablets, 200 mg, 2301225
Source Naturals Pantethine B-5, 30 Tablets, 25 mg, 1307859
Source Naturals L-Arginine Powder, 100 Gm, 2266522
Source Naturals Garcinia, 180 Tablets, 1000 mg, 4604618
Source Naturals Coenzymate B-complex , 30 Tablets, 1696096
Source Naturals Wellness Oil of Oregano, 12.43 Ml, 2301225
Source Naturals Nutrasleep, 100 Tablets, 2665603
Source Naturals Spirulina, 200 Tablets, 500 mg, 1672238
Source Naturals Cholesterol Rescue, 30 Tablets, 921791
Source Naturals Biotin Fast Melt, 60 Tablets, 10000 mcg, 3878029
PhD Nutrition Smart Bar, Chocolate Brownie, 1 Bar, 388237
Nutrex Research Melatonin, 100 Tablets, 993366
Quest Nutrition Protein Cookie, Double Chocolate Chip, 1 Piece, 364379
Nutrex Research Bcaa 6000, Fruit Punch, 30, 1362082
Nutrex Research Outlift Burn , Red, White & Merica, 22, 3069022
Nutrex Research Outlift Amped, Sucker Punch, 22, 3069022
Nutrex Research L‑Arginine, 120 Capsules, 1000 mg, 1362082
Nutrex Research Creatine Monohydrate, Unflavored, 60, 1199413
Nutrex Research Glutamine Pure, Unflavored, 60, 1960704
Nutrex Research Tribulus, 90 Capsules, 1400 mg, 1038913
Nutrex Research 100% Whey, Chocolate, 2 LB, 2954070
Now Ginger Root, 100 Veggie Capsules, 550 mg, 1453177
Now Eve Women's Multi, 90 Tablets, 3611252
Now GTF Chromium, 100 Tablets, 0
Now Calcium Citrate Pure, 227 Gm, 1672238
Oh My Oh! Lutein, Mango Tango, 60 Gummies, 4131793
Oh My Oh! Organic Elderberry, 90 Gummies, 4131793
Oh My Oh! Apple Cider Vinegar, Apple, 60 Gummies, 3808624
Now Green Tea Extract, 400 mg, 100 Veggie Capsules, 1817555
Now Coconut Oil, 7 Oz, 0
Now Biotin, 120 Veggie Capsules, 10000 mcg, 0
Laperva Protein Brownie, Chocolate Brownie, 1 Piece, 229906
Laperva Triple L-Citrulline , 61, Unflavored, 4591604
B2O Organic Gooseberry Powder , 200 Gm, 448967
B2O Organic Lemongrass Powder , 200 Gm, 689717
B2O Organic Wheatgrass Powder, 200 Gm, 861062
B2O Organics Beetroot Powder, 200 Gm, 496683
B2O Organics Flaxseeds, 200 Gm, 472825
Hello March Broccoli Quinoa Flat Noodles, 250 Gm, 438122
Dr Berg Whole Food Multivitamin With Minerals, 60 Capsules, 4591604
Owala Kids Tumbler Stainless Steel 355ML, Home Base, 1500893
Owala Travel Tumbler Stainless Steel 1185 ML, Splash Zone, 2977928
Barebells Protein Bar, Cookies and Cream, 1 Bar, 294974
Swanson Horny Goat Weed Complex, 120 Capsules, 0
Laperva U-TRAC Cranberry, 30 Veggie Gummies, 500 mg, 1177724
Optitect Biotin 5000 Mcg, Strawberry, 30 Veggie Gummies, 1130008
Laperva Adaptogen Formula, 60 Veggie Capsules, 1362082
Vitax Inspiracje Tea Forest Fruit, 20 Sachets, 277622
Dr. Berg’s Scalp and Hair Serum, 59 ML, 2745853
Dr. Berg's Biotin Shampoo, 236 ML, 553075
Big Ramy Labs Red Rex Beef Protein Isolate, Chocolate, 4 LB, 5814875
Efx Training Ground Pre, Blueberry, 500 Gm, 4153482
 EFX Training Ground Isolate Protein, Strawberries Cream, 1.5 LB, 3669813
Body Builder Casein Protein Plus, Chocolate, 2.2 LB, 3207833
Laperva Beef Triple Zero Hydrolyzed, Chocolate, 4 LB, 6346260
Young Life Pure Marine Collagen Peptides, 300 Gm, 6784382
Applied Nutrition Micellar Casein Night Time Protein, Strawberry Cream, 900 Gm, 3346644
Vitamin Well Reload, Lemon Lime, 500 ML, 242920
Optitect Diet Baklava, 40 Gm, 347028
Nature's Best Isopure Low Carb Protein, Chocolate Peanut Butter, 3 LB, 5929828
Compeed Corn Plasters Moisturising, 6 Plasters, 1177724
Compeed Instant Pain Relief Blister , Mixed Sizes, 5 Plasters, 1268819
Triple Power Energy Drink, Grape, 1 Piece, 138811
Now Liver Refresh, 90 Veggie Capsules, 0
Now L-optizinc, 100 Veggie Capsules, 30 mg, 0
Now Astaxanthin, 60 Veggie Softgels, 4 mg, 1038913
Now Beta-Glucans with ImmunEnhancer, 60 Veggie Capsules, 1546440
Now Women's Probiotic, 50  Veggie Capsules, 20 Billion, 0
Now Liquid L-Carnitine, 473 Ml, 1000 mg, 1383771
Now Double Strength Hyaluronic Acid, 120 Veggie Capsules, 100 mg, 2398826
Now Ubiquinol, 120 Softgels, 100 mg, 3923577
Now Cordyceps, 90 Veggie Capsules, 750 mg, 1500893
Now Yucca, 100 Veggie Capsules, 500 mg, 806839
Now Willow Bark Extract, 100 Capsules, 400 mg, 1307859
Now Potassium Iodide, 60 Tablets, 0
Now Omega-3 Fish Oil, 30 Softgels, 1000 mg, 830697
Now Spearmint Oil Organic, 30 Ml, 2051799
Optitect Vitamin B12 Methylcobalamin, 100 Chewable Tablets, 1000 mcg, 670197
BombBar Vegan Protein Bar, Banana Cake & Strawberries, 1 Bar, 268947
Now 5-HTP, 30 Veggie Capsules, 50 mg, 553075
Big Ramy Labs Red Rex Beef Protein Isolate, Chocolate, 4 LB, 5814875
Efx Training Ground Pre, Blueberry, 500 Gm, 4153482
 EFX Training Ground Isolate Protein, Strawberries Cream, 1.5 LB, 3669813
Muscletech Isowhey, Chocolate, 2 LB, 2724164
Laperva Muscle Gain Protein Muffin, Double Chocolate, 1 Piece, 347028
Bio Protection Full Spectrum Multivitamin, 30 Veggie Capsules, 438122
Body Builder Magnetic Rowing Machine, 1 Piece, 34615964
Laperva Ultra Kids Omega 3, 60 Gummies, 50 mg, 1429319
Source Naturals FOS Probiotic Enhancer, 100 Gm, 2283873
Source Naturals Phosphatidyl Serine, 60 Capsules, 100 mg, 3298928
Source Naturals Acetyl-L-Carnitine, 60 Tablets, 500 mg, 1362082
Wow Women Belt Black Leather Belt With Bag, XS, Purple, 3461597
Wow Women Ultimate Athletic Shoes, 37, Purple, 3461597
Body Builder Ultimate Athletic Shoes, 43, Yellow, 3461597
Laperva 4 Hours Meal Replacement Duo Cookie Bar With Vitamin, 1 Bar, 416433
Prime Hydration, Orange, 500 ML, 347028
Applied Nutrition ABE Pump Stim Free, Tigers Blood, 40, 2492090
Optitect Vitmain D3, 30 Veggie Capsules, 5000 IU, 414264
Pharmed Supra, 120 Capsules, 5838733
Muscletech Platinum Creatine, Unflavored, 400 Gm, 2214468
Pure & Sure Organic Bengal Gram, 500 Gm, 177852
Pure & Sure Organic Chana Dal, 500 Gm, 195203
Pure & Sure Organic Whole Chilli, 200 Gm, 236413
Pure & Sure Organic Saffron, 0.5 g, 444629
Now Vitamin E, 100 Softgels, 400 IU, 0
Now Inulin, 227 Gm, 1130008
Now Chlorophyll, 90 Capsules, 100 mg, 0
Now Plant Enzymes, 120 Veggie Capsules, 1268819
Source Naturals Vitamin B-1, 100 Tablets, 100 mg, 553075
Vedaone Natural Flaxseed Oil, 100 ML, 1500893
Body Builder Ultimate Power, Energy Flavour, 30, 2283873
Vitax Inspiracje Tea Cranberry & Raspberry, 20 Sachets, 277622
Now Organic Bergamot Oil, 30 Ml, 4691374
Vedaone Organic Shatavari, 60 Caplets, 750 mg, 1500893
Now L Theanine Double Strength, 60 Veggie Capsules, 200 mg, 0
Heritage Organic Extra Virgin Coconut Oil, 500 ML, 1162542
Najel Softening Sweet Almond Oil Organic, 80 ML, 2492090
Applied Nutrition Endurance Hydration Electrolyte, Orange, 20 Tablets, 576933
ISDIN Fotoprotector Hydro Oil SPF 30, 200 ML, 3223016
Team One Life 100% Hydro Whey, Banana, 3.5 LB, 4591604
Now Essential Oils Clove, 30 Ml, 0
Vitax Inspiracje Tea Raspberry & Cherry, 20 Sachets, 277622
Dr. Berg's Amazing Neck & Back Self-Massage Tool, 1 Piece, 4023347
B2O Organic Flax Seeds Crushed, 200 Gm, 520541
Natural Foundation Cistanche, 120 Tablets, 100 mg, 3233860
Now Vitamin E-400 With Mixed Tocopherols, 250 Softgels, 268 mg 400 IU, 2884664
Now Choline & Inositol, 100 Veggie Capsules, 691886
Now Graviola, 100 Veggie Capsules, 500 mg, 2641745
Laperva Dim Complex & Bioperine, 30 Veggie Capsules, 1223271
Laperva Tudca & Nac & Milk Thistle, 60 Veggie Capsules, 2630900
Laperva Triple Burner Cla L Carnitine Green Tea, 100 Veggie Capsules, 6808240
Body Builder Magnetic Elliptical Machine, 1 Piece, 13822528
Source Naturals Turmeric, 60 Tablets, 1000 mg, 2283873
Source Naturals Vitamin E, 250 Tablets, 400 IU, 2307731
Source Naturals Acai Extract, 60 Capsules, 500 mg, 1615846
Source Naturals Advanced One Multiple, 30 Tablets, 1648380
Source Naturals St. John's Wort Extract, 45 Tablets, 450 mg, 1672238
Source Naturals Vitamin B-6, 100 Tablets, 50 mg, 1440163
Source Naturals ChromeMate® Chromium GTF, 60 Tablets, 200 mg, 945650
Source Naturals L-Tyrosine, 100 Tablets, 500 mg, 1624522
Dexter Jackson Whey Protein Isolate, Gourmet Chocolate, 5 LB, 5400611
Body Builder Barbell Squat Pad, 1 Piece, 670197
Laperva Antioxidant Complex L Glutathione, 60 Veggie Capsules, 400 mg, 1153866
Vedaone Organic Shatavari, 60 Caplets, 750 mg, 1500893
Now L Theanine Double Strength, 60 Veggie Capsules, 200 mg, 0
Heritage Organic Extra Virgin Coconut Oil, 500 ML, 1162542
Najel Softening Sweet Almond Oil Organic, 80 ML, 2492090
Applied Nutrition Endurance Hydration Electrolyte, Orange, 20 Tablets, 576933
ISDIN Fotoprotector Hydro Oil SPF 30, 200 ML, 3223016
Team One Life 100% Hydro Whey, Banana, 3.5 LB, 4591604
Now Essential Oils Clove, 30 Ml, 2977928
Garden Of Life Men's 40+ Multivitamin, 60 Veggie Tablets, 5192395
ISDIN Acniben Purifying Cleanser, 150 ML, 2797907
BombBar Protein Bar, Coconut Cake, 1 Bar, 173514
Rohto Eye Drops, 10 ML, 1247129
Now Ultrasonic Dual Mist Oil Diffuser, 1 Piece, 0
Heritage Organic Coconut Milk Powder, 300 Gm, 1212427
ISDIN Fotoprotector Fusion Water Colour Light, 50 ML, 4240239
ISDIN Pediatrics Spray Wet Skin +50 SPF, 250 ML, 3307603
Body Builder Tongkat Ali, 30 Veggie Capsules, 400 mg, 900102
Xtend EAA Essential Amino Acid, Mango, 40, 1939015
Muscletech Platinum 100% EAA+, Grape, 30, 2630900
Source Natural Menopause Multiple, 60 Tablets, 2398826
Team One Life BCAA + Glutamine, Orange, 50, 2283873
RYSE Pump Daddy V2 Non Stim Pre Workout, Freedom Ice, 40, 4361699
RYSE Element Pre Workout, Sunny D Orange Strawberry, 25, 1915157
RYSE Loaded Plant Protein, Cinnamon Toast, 20, 4014671
Now Essential Oils Pine Needle, 30 Ml, 0
Now Echinacea, 100 Veggie Capsules, 400 mg, 1672238
Source Naturals Folic Acid, 200 Tablets, 800 mcg, 605129
Najel Face Moisturizing Cream Organic, 50 ML, 2214468
Najel Aleppo Hair Shampoo Normal Hair Organic, 500 ML, 2446542
Source Naturals Chondroitin Sulfate, 60 Tablets, 600 mg, 2060474
Pure & Sure Organic Vanilla Powder, 10 Gm, 1268819
Pure & Sure Organic Ginger Cooking Paste, 150 Gm, 229906
Now Rutin, 100 Veggie Capsules, 450 mg, 0
Now Brewers Yeast Super Food, 1LB, 1316535
Vitax Inspiracje Tea Strawberry & Mango, 20 Sachets, 277622
Body Builder Nitro AAKG Complex, 60 Tablets, 2100 mg, 1717785
Quest Nutrition Protein Shake, Vanilla, 325 ML, 364379
Efx Sports Kre Alkalyn Powder, Neutral, 100 Gm, 2977928
Garden Of Life Men's 40+ Multivitamin, 60 Veggie Tablets, 5192395
ISDIN Acniben Purifying Cleanser, 150 ML, 2797907
BombBar Protein Bar, Coconut Cake, 1 Bar, 173514
Rohto Eye Drops, 10 ML, 1247129
Now Ultrasonic Dual Mist Oil Diffuser, 1 Piece, 0
Heritage Organic Coconut Milk Powder, 300 Gm, 1212427
ISDIN Fotoprotector Fusion Water Colour Light, 50 ML, 4240239
ISDIN Pediatrics Spray Wet Skin +50 SPF, 250 ML, 3307603
Body Builder Tongkat Ali, 30 Veggie Capsules, 400 mg, 900102
Xtend EAA Essential Amino Acid, Mango, 40, 1939015
Muscletech Platinum 100% EAA+, Grape, 30, 2630900
Source Natural Menopause Multiple, 60 Tablets, 1743812
Source Naturals Ultra-Cal Night, 60 Tablets, 1453177
ISDIN Deo Intense 48h Lambda Control Roll on, 50 ML, 1273157
Najel Cell Renewal Argan Oil Organic, 80 ML, 3253380
Team One EAA Pro With Electrolytes, Green Apple, 30, 2283873
Swanson Arjuna Bark , 60 Veggie Capsules, 0
Source Naturals PQQ Mind, 60 Tablets, 2999617
Source Naturals Calcium Citrate, 90 Tablets, 1000 mg, 1453177
Eatiq Organic Coconut Milk, 400 Ml, 277622
Swanson High-Potency Same, 30 Tablets, 400 mg, 0
Source Naturals Relora, 90 Tablets, 250 mg, 2641745
Aroma Tierra Organic Cinnamon Essential Oil (Bark), 10 ML, 2266522
Laperva Vitamin B12 Methylcobalamin, 60 Tablets, 10000 mcg, 1915157
Laperva Plant Based Triphala Extract, 30 Veggie Capsules, 750 mg, 438122
Source Naturals Chlorella, 100 Tablets, 500 mg, 1153866
Source Naturals Ultra Chromium Picolinate, 120 Tablets, 500 mcg, 1153866
Source Naturals Iron Chelate, 100 Tablets, 25 mg, 0
Wow Women Blender Bottle Stainless Steel Shaker, Purple, 1247129
Body Builder Nitro Whey + Creatine, Chocolate, 4 LB, 3374840
Applied Nutrition Bodyfuel Energy Can, Lemonade, 330 ML, 208217
Body Builder Blood Resistance Bands, 1 Piece, 785150
Body Builder Grip & Strap Gloves, 1 Piece, 2884664
Laperva Protein Pasta Fusilli With Cheese, 1 Piece, 229906
Centrum Men Multivitamins, 60 Tablets, 2999617
Life Extension Magnesium, 100 Veggie Capsules, 100 mg, 1112656
Laperva Manuka Honey, 1120 MGO, 250 Gm, 11054986
Life Extension Potassium with Extend-Release Magnesium, 60 Veggie Capsules, 969508
Laperva Organic Probiotic, Strawberry, 30 Vegan Gummies, 0
Swanson Leg Vein Essentials Cream, 118 ML, 1845751
Laperva Prenatal Multivitamin & Minerals + Omega 3, Raspberry Lemonade, 60 Gummies, 900102
Zuccari Ultra Delicate Intimate, 250 ML, 1305690
Laperva Organic Cinnamon-Chromium-Barberry, 60 Veggie Capsules, 5539422
Big Ramy Labs Red Rex Glutamine, Unflavored, 300 Gm, 1845751
OptiTect Mega Tea Organic, 30 Sachets, 1130008
Body Builder Triple Nitro, Blue Raspberry, 270 Gm, 2769711
Laperva No Added Sugar Jam, Black Cherry, 235 Gm, 461980
Foliactive Spray, 100 ML, 6396146
Source Naturals Artichoke Extract, 180 Tablets, 500 mg, 2665603
Swanson Dark Circle Eye, 29.6 ML, 1383771
Life Extension Glycine, 100 Veggie Capsules, 1000 mg, 1422812
Swanson Retinol Cream, 59 ML, 1500893
Swanson Joint Cream, 118 ML, 1845751
Laperva Ultra Hydro Whey protein, Double Rich Chocolate, 3.5 LB, 6346260
Body Builder Super Eaa, Cola, 390 Gm, 1477035
Life Extension Sea-Iodine, 60 Veggie Capsules, 1000 mcg, 733095
Life Extension Mega EPA/DHA, 120 Softgels, 2229650
Laperva Ultra Creatine, 300 Gm, 5000 mg, 2283873
Hairtamin Advanced Formula, 30 Veggie Capsules, 1362082
Source Naturals Pau D'Arco, 100 Tablets, 500 mg, 1477035
Laperva women’s 40+ Multivitamin, 30 Veggie Capsules, 3301097
Life Extension N-Acetyl-L-Cysteine, 60 Capsules, 600 mg, 1130008
Body Builder Extreme Mass Gainer, Chocolate, 5 LB, 1893468
Laperva Ginseng, 60 Veggie Gummies, 1500 mg, 2856468
Nutrex Research Niox Extreme Pumps, 90 Capsules, 2030110
Applied Nutrition Shred X Extreme Thermogenic, 90 Capsules, 2492090
Life Extension MacuGuard, 60 Softgels, 1559454
Life Extension BioActive Folate & Vitamin B12, 90 Veggie Capsules, 837204
Deep Freeze Pain Relief Cold Spray, 150 ML, 785150
Laperva Marine Collagen Hydrolyzed, Unflavored, 330 Gm, 5077442
Life Extension Vitamin K2, 90 Softgels, 45 mcg, 1130008
Life Extension Lecithin, 454 Gm, 3320617
Life Extension Taurine, 90 Veggie Capsules, 1000 mg, 1015055
Swanson Revitalizing Eye Cream, 29.6 ML, 1383771
Life Extension Skin Restoring Ceramides, 30 Veggie Capsules, 1559454
Life Extension Bio Active Complete B Complex, 60 Veggie Capsules, 1106150
Life Extension Super Selenium Complex, 100 Veggie Capsules, 200 mcg, 1028069
Swanson Celadrin Joint Cream, 118 ML, 2537637
Universal Nutrition Animal Whey, Chocolate, 4 LB, 4799820
Swanson Vitamin K Cream with Menaquinone-7, 59 ML, 1500893
Applied Nutrition Turk-X, 60 Capsules, 2030110
Wow Woman Trainer Gloves, Pink, M, 1362082
Lacto Calamine Aloe Moisturiser, 120 ML, 581271
Applied Nutrition Pump 3g, Fruit Burst, 25, 1685251
Source Naturals Taurine, 60 Tablets, 500 mg, 1162542
Life Extension Bio-Quercetin, 90 Veggie Capsules, 774305
Laperva Ultra Alpha-Lipoic Acid, 60 Veggie Capsules, 600 mg, 1362082
Body Builder Spin Bike, White & Silver, 1 Piece, 40385291
Laperva L-Carnitine, 50 Veggie Gummies, 500 mg, 4524368
Life Extension AMPK Metabolic Activator, 30 Vegetarian Tablets, 2422684
Body Builder Ultra ZMA, Unflavored, 60, 1316535
Xtend Healthy Hydration, Strawberry Banana, 15 Sticks, 1730799
Big Ramy Labs Red Rex Beef Mass Plus, Vanilla, 6 LB, 3114570
Led Sports Ball Striker Guide, 1 Piece, 1331717
Optimum Nutrition HMB, 90 Capsules, 1000 mg, 4008165
Efx Sports Karbolyn Hydrate, White Cherry Frost, 4 LB, 4591604
Body Builder Men's Gym Cotton Hoodies and Shorts, L, 1 Piece, 1591988
Source Naturals Skin Eternal Cream, 2 Oz, 1383771
Myprotein Impact Whey Isolate, Strawberry Cream, 2.5 Kg, 5693415
Big Ramy Labs RedRex Beef Mass Gainer, Vanilla, 6 LB, 3346644
Rule 1 R1 Pre Amino, Watermelon Splash, 30, 2147231
Source Naturals Echinacea Root, 100 Capsules, 500 mg, 0
 Laperva Gastro Activated Charcoal, 60 Veggie Capsules, 900 mg, 969508
Swanson Asparagus Extract, 60 Veggie Capsules, 691886
RYES Stim Daddy Pre Workout, Blue Raspberry, 40, 4361699
Otrivin Nasal Drops Adult, 10 ML, 427278
Laperva Protein Cookie, 1 Piece, Chocolate Chip, 184359
Life Extension Only Trace Minerals, 90 Veggie Capsules, 1149528
Life Extension Optimized Ashwagandha, 60 Veggie Capsules, 761291
Life Extension Super R-Lipoic Acid, 60 Veggie Capsules, 240 mg, 2815259
Laperva Triple Creatine Next Gen, Nectarine, 270 Gm, 3231691
Laperva Men's +40 Multivitamin, 30 Veggie Capsules, 900102
Lacto Calamine Aloe Moisturiser, 120 ML, 581271
Applied Nutrition Pump 3g, Fruit Burst, 25, 1685251
Source Naturals Taurine, 60 Tablets, 500 mg, 1162542
Life Extension Bio-Quercetin, 90 Veggie Capsules, 774305
Laperva Ultra Alpha-Lipoic Acid, 60 Veggie Capsules, 600 mg, 1362082
Body Builder Spin Bike, White & Silver, 1 Piece, 40385291
Laperva L-Carnitine, 50 Veggie Gummies, 500 mg, 4524368
Life Extension AMPK Metabolic Activator, 30 Vegetarian Tablets, 2422684
Body Builder Ultra ZMA, Unflavored, 60, 1316535
Xtend Healthy Hydration, Strawberry Banana, 15 Sticks, 1730799
Laperva True Lean, Mango, 210 Gm, 3437739
Swanson Coq10, 59 ML, 1500893
Siluette Cream, 114 ML, 5064429
Swanson Pycnogenol Wrinkle, 59 ML, 1212427
Optitect Energy Bar, Oats & Dates With Chocolate, 1 Bar, 93264
Optimum Nutrition Instantized BCAA, Unflavored, 60, 2331589
Life Extension Neuro-Mag, 90 Veggie Capsules, 3003955
Source Naturals MSM, 60 Tablets, 1000 mg, 0
Centrum Women Multivitamins, 60 Tablets, 2999617
Swanson Eggshell Membrane, 30 Veggie Capsules, 500 mg, 1824062
Life Extension Super Omega-3, 60 Softgels, 1559454
Swanson Menogest Progesterone Cream, 59 ML, 0
Laperva White Perla, Kit, 11054986
Solgar Biotin, 100 Tablets, 300 mcg, 1186400
Laperva Zero Sugar BBQ Sauce, 350 ML, 635494
Natural Factors Pantothenic Acid, 250 mg, 90 Capsules, 2301225
Source Naturals HGH Surge, 150 Tablets, 2884664
Laperva Organic Matcha Green Tea, 30 Gm, 1498724
Solgar Glycine, 90 Vegetable Capsules, 500 mg, 1500893
Natural Factors Bee Propolis, 500 mg, 90 Capsules, 1611508
Source Naturals Mucuna Dopa, 100 mg, 120 Veggie Capsules, 0
Laperva Carver Slimming Coffee 2 In 1, 30 Sachets, 6370119
Source Naturals L Tryptophan, 500 mg, 60 Tablets, 1817555
Natural Factors Seleno Excell Selenium, 200 mcg, 90 Capsules, 1865272
Laperva Prostate Support, 60 Veggie Capsules, 1084460
Solgar Ubiquinol Reduced Coq10, 100 mg, 50 Softgels, 3069022
Laperva Bone Support, 90 Tablets, 1362082
Source Naturals Wellness Childrens Immune, Berry, 60 Chewable Wafers, 1362082
Natural Factors B2 Riboflavin, 100 mg, 90 Tablets, 2051799
Laperva Stress Relief, 90 Tablets, 1615846
Source Naturals Sleep Science Melatonin Nutra, 1.50 mg, Orange, 0
Natural Factors Flaxseed Oil Certified Organic, 1000 mg, 90 Softgels, 2505103
Laperva Cholesterol Control, 60 Veggie Capsules, 1845751
Natural Factors IBS Relief Biotic, 7 Billion Active Cells, 30 Veggie Capsules, 3223016
Source Naturals Attentive child, 60 Chewable Wafers, 1153866
Laperva Green Coffee Bean, 500 mg, 60 Veggie Capsules, 1130008
Natural Factors Vitamin D3, 1000 IU, 90 Tablets, 1732968
Laperva Positive Mood, 60 Veggie Capsules, 2860806
Source Naturals Ginkgo 24 Biloba, 40 mg, 60 Tablets, 1776346
Natural Factors Papaya Enzymes with Amylase & Bromelain, 60 Tablets, 2060474
Source Naturals Guarana Energizer, 900 mg, 100 Tablets, 1999745
Solgar Bilberry Ginkgo Eyebright Complex, 60 Vegetable Capsules, 2108191
Laperva Keto Cake, 1 Bar, 229906
Natural Factors Vitex, 80 mg, 90 Veggie Capsules, 3199157
Source Naturals Colostrum, 650 mg, 60 Tablets, 4131793
Natural Factors L-Carnitine, 500 mg, 60 Veggie Capsules, 7675808
Laperva Organic Vitex, 1000 mg, 60 Veggie Capsules, 691886
Source Naturals Glutathione Reduced, 50 mg, 30 Tablets, 1199413
Solgar Calcium Magnesium Plus Boron, 250 Tablets, 2758867
Natural Factors Lactase Enzyme, 60 Capsules, 2878157
Source Naturals Mucuna Dopa, 100 mg, 120 Veggie Capsules, 0
Laperva Carver Slimming Coffee 2 In 1, 30 Sachets, 6370119
Source Naturals L Tryptophan, 500 mg, 60 Tablets, 1817555
Natural Factors Seleno Excell Selenium, 200 mcg, 90 Capsules, 1865272
Laperva Prostate Support, 60 Veggie Capsules, 1084460
Solgar Ubiquinol Reduced Coq10, 100 mg, 50 Softgels, 3069022
Laperva Bone Support, 90 Tablets, 1362082
Source Naturals Wellness Childrens Immune, Berry, 60 Chewable Wafers, 1362082
Natural Factors B2 Riboflavin, 100 mg, 90 Tablets, 2051799
Laperva Stress Relief, 90 Tablets, 1615846
Source Naturals Sleep Science Melatonin Nutra, 1.50 mg, Orange, 0
Natural Factors Flaxseed Oil Certified Organic, 1000 mg, 90 Softgels, 2505103
Laperva Cholesterol Control, 60 Veggie Capsules, 1845751
Natural Factors IBS Relief Biotic, 7 Billion Active Cells, 30 Veggie Capsules, 3223016
Laperva Milk Thistle Silymarin 80%, 900 mg, 60 Tablets, 2283873
Solgar Folic Acid, 400 mcg, 250 Tablets, 2544144
Laperva Urinary Tract Support, 60 Veggie Capsules, 2537637
Source Naturals Pine Bark Extract, 150 mg, 60 Tablets, 1012886
Solgar Chromium Picolinate, 200 mcg, 100 Vegetable Capsules, 2119035
Solgar Milk Thistle, 100 Vegetable Capsules, 0
Source Naturals C-1000 Time Release, 1000 mg, 100 Tablets, 876244
Natural Factors Searich Omega-3 With Vitamin D Lemon Meringue, EPA 750 mg DHA 500 mg, 200 ML, 4264097
Solgar Vitamin C, 500 mg, 100 Vegetable Capsules, 1288339
Laperva Organic Turmeric, 1400 mg, 60 Tablets, 646339
Natural Factors Magnesium Citrate Powder, 300 mg, Tropical Fruits, 2030110
Source Naturals Wellness Olive Leaf, 75 mg, 60 Tablets, 2283873
Solgar Calcium 600  From Oyster Shell With Vitamin D3, 120 Tablets, 1754657
Natural Factors Horse Chestnut and Grape Seed, 60 Capsules, 2520286
Natural Factors Lutein, 20 mg, 60 Softgels, 2084333
Solgar Ester-c Plus Vitamin C, 250 Vegetable Capsules, 500 mg, 0
Natural Factors Ginkgo Biloba, 60 mg, 120 Capsules, 3012630
Source Naturals Gymnema Sylvestre Ultra Potency, 550 mg, 60 Tablets, 2531130
Laperva Zero Sugar Caesar Dressing Sauce, 350 ML, 735264
Solgar Glucosamine Hyaluronic Acid Chondroitin MSM (Shellfish-free), 120 Tablets, 3437739
Natural Factors Mega Probiotic Powder, 12 Billion Active Cells, 75 Gm, 4157820
Source Naturals Gymnema Sylvestre, 450 mg, 60 Tablets, 533555
Solgar No-flush Niacin (Inositol Hexanicotinate), 500 mg, 100 Vegetable Capsules, 2147231
Solgar L-Arginine, 500 mg, 100 Vegetable Capsules, 1824062
Laperva Organic Olive Oil Spray, 200 ML, 1 Piece, 576933
Source Naturals Swedish Flower Pollen, 90 Tablets, 1153866
Natural Factors Black Cohosh Extract, 40 mg, 90 Veggie Capsules, 2301225
Source Naturals Blue Green Algae, 500 mg, 100 Tablets, 1730799
Laperva Multimineral Iron Free, 100 Tablets, 923960
Natural Factors L-carnosine, 500 mg, 60 Veggie Capsules, 2869482
Source Naturals Hot Flash, 90 Tablets, 2446542
Natural Factors Anti-cold Alcohol Free Herb Tincture Natural, 50 ML, 2520286
Laperva Perfect Tea, 60 Sachets, 6929700
Source Naturals Wellness Zinc Throat Spray, 2 Oz, Berry, 2132049
Natural Factors Mental Calmness, 125 mg, 60 Vegetable Capsules, 2860806
Laperva Garcinia Cambogia, 1600 mg, 90 Veggie Capsules, 6220463
Solgar Skin, Nails, Hair, 60 Tablets, 1453177
Natural Factors Citrus Bioflavonoids 650 Mg 90 Capsules, 650 mg, 90 Capsules, 923960
Laperva Triple Suit, XL, Black, 4441949
Natural Factors BioCoenzymated Riboflavin 5' Phosphate, 30 Veggie Capsules, 50 mg, 1999745
Solgar Grape Seed Extract, 100 mg, 60 Vegetable Capsules, 2192779
Solgar Tonalin Cla, 1300 mg, 60 Softgels, 2262184
Laperva Cla Power, Berries Smoothie, 1 Ampule, 138811
Natural Factors Bioactive Quercetin EMIQ, 50 mg, 60 Veggie Capsules, 3682827
Laperva Pre & Pro Biotic, 30 Veggie Capsules, 923960
Natural Factors Sunflower Vitamin E, 90 Softgels, 400 IU, 4361699
Source Naturals Broccoli Sprouts Extract, 250 mg, 30 Tablets, 1466190
Solgar Extra Strength Glucosamine Chondroitin Complex, 150 Tablets, 5053584
Laperva Massage Gun, 1 Piece, 2977928
Source Naturals Serene Science Optimistic, 60 Tablets, 3064684
Natural Factors Siberian Ginseng, 250 mg, 90 Capsules, 0
Solgar Gentle Iron, 25 mg, 90 Vegetable Capsules, 1978056
Hairgrow minoxidil 5%, 50 ML, 412095
Natural Factors Vegan Vitamin D3, 90 Veggie Capsules, 1000 IU, 3223016
Source Naturals Vanadyl Sulfate, 10 mg, 100 Tablets, 761291
Laperva Hair Skin Nails, 60 Tablets, 5051415
Source Naturals Wellness Cold and Flu, 48 Tablets, 923960
Solgar Flaxseed Oil, 1250 mg, 100 Softgels, 2568002
Natural Factors St. John's Wort, 300 mg, 90 Capsules, 3997320
Natural Factors Travel Biotic Bb536, 10 Billion Active Cells, 60 Veggie Capsules, 5997064
Laperva Ultra Vibration Machine With Handle Bar, 1 Piece, 13731433
Source Naturals MSM Powder, 16 Oz, 3997320
Natural Factors BetaCareAll, 90 Softgels, 25000 IU, 4318320
Source Naturals N-Acetyl Cysteine NAC, 600 mg, 30 Tablets, 1305690
Natural Vitamin C Complex, 2000 mg, 50 Tablets, 2238326
Solgar Chelated Zinc, 100 Tablets, 1793697
Natural Factors Serenity Formula, 60 Veggie Capsules, 2372799
Laperva Karak Tea, 12 Sachets, 1268819
Source Naturals DIM , 100 mg, 60 Tablets, 2179765
Source Naturals Pregnenolone, 120 Tablets, 10 mg, 0
Solgar Chewable Calcium, 500 mg, 120 Chewable Wafers, 1570299
Natural Factors Dandelion Root, 800 mg, 90 Veggie Capsules, 2878157
Solgar Brewers Yeast 7 1/2 Grains With Vitamin B12, 250 Tablets, 1893468
Solgar Sfp Boswellia Resin Extract, 60 Vegetable Capsules, 1706941
Natural Factors Diuretic Formula, 90 Capsules, 4478820
Laperva CoQ10, 30 Veggie Capsules, 200 mg, 876244
Natural Factors Valerian Root, 300 mg, 90 Capsules, 3678489
Blossom Rose Water, 100 ML, 1090967
Source Naturals Bromelain, 500 mg, 60 Tablets, 1038913
Natural Factors Bluerich Super Strength Blueberry Concentrate, 500 mg, 90 Softgels, 2763205
Source Naturals Mangosteen, 75 mg, 60 Tablets, 1060602
Solgar Standardized Turmeric Root Extract, 60 Vegetable Capsules, 1338224
Natural Factors MSM Joint Formula, 180 Capsules, 6077314
Natural Factors Soy Isoflavone Complex, 50 mg, 60 Capsules, 2719826
Mebo Scar Ointment, 30 Gm, 1661393
Source Naturals Vegan Omega-3 Non-Fish, 300 mg, 30 Vegan Softgels, 4062388
Natural Factors Iron Chelate 25 Mg 90 Tablets, 25 mg, 90 Tablets, 2060474
Natural Factors Apple Pectin Rich, 500 mg, 90 Capsules, 2422684
Laperva Organic Fenugreek, 1600 mg, 60 Veggie Capsules, 737433
Source Naturals Vegan Omega-3, 300 mg, 30 Vegan Softgels, 2266522
Source Naturals DMAE, 351 mg, 100 Tablets, 1331717
Laperva Organic Omega-3-6-9, 60 Veggie Softgels, 2000 mg, 923960
Source Naturals Huperzine A, 200 mcg, 60 Tablets, 2132049
Natural Factors BioCoenzymated B1 Benfotiamine, 150 mg, 30 Veggie Capsules, 2559326
Bio Protection Tongkat Ali, 60 Veggie Capsules, 1062771
Source Naturals St. John's Positive Thoughts, 45 Tablets, 852386
Solgar North Atlantic Kelp, 250 Tablets, 1570299
Solgar Fp Echinacea, 100 Vegetable Capsules, 0
Source Naturals L Arginine L Citrulline Complex, 1000 mg, 120 Tablets, 2984434
Source Naturals Phytosterol Complex with Beta Sitosterol, 113 mg, 90 Tablets, 0
Solgar Vitamin D3 (Cholecalciferol), 25 mcg 1000 IU, 100 Softgels, 1331717
Natural Factors Folic Acid, 1 mg, 90 Tablets, 576933
Compeed Sports Underfoot Blister, 5 Plasters, 1362082
Source Naturals Black Seed Oil, 60 Softgels, 0
Solgar Vitamin B12, 100 mcg, 100 Tablets, 1429319
Laperva CoQ10, 30 Veggie Capsules, 200 mg, 876244
Natural Factors Mind Retreat, 60 Veggie Capsules, 3223016
Source Naturals Gamma Oryzanol, 60 mg, 100 Tablets, 1186400
Natural Factors Critical Care Probiotic 55 Billion Live Probiotic, 55 Billion Active cells, 30 Veggie Capsules, 4604618
Natural Factors  Super Strength Cranberry Concentrate, 500 mg, 90 Softgels, 2826103
Laperva Ten Pack Program, Pack of 2 Pcs, 8192011
Source Naturals Calcium and Magnesium Chelate, 300 mg, 100 Tablets, 1492217
Solgar Vitamin C With Rose Hips, 500 mg, 100 Tablets, 1446670
Source Naturals Vitamin K, 500 mcg, 100 Tablets, 2266522
Laperva Apple Cider Vinegar, Apple, 60 Gummies, 2192779
Solgar Reduced L-glutathione, 250 mg, 60 Vegetable Capsules, 4684868
Natural Factors B6 Biocoenzymated Pyridoxal 5 - Phosphate, 50 mg, 30 Veggie Capsules, 2301225
Source Naturals L-Citrulline, 60 Tablets, 1000 mg, 1500893
Solgar Reishi Shiitake Maitake Mushroom Extract, 50 Vegetable Capsules, 2006251
Source Naturals FOS, 1000 mg, 50 Tablets, 691886
Laperva Lipo10, Sour Gummy, 30, 2745853
Solgar Megasorb Coq10, 60 mg, 120 Softgels, 3645955
Natural Factors Cayenne, 470 mg, 90 Capsules, 2559326
Panadol Advance, 96  Tablets, 993366
Laperva No Added Sugar Chocolate Pralines, 120 Gm, 392575
Source Naturals Yaeyama Chlorella, 200 mg, 300 Tablets, 0
Solgar Vegetarian Coq10, 180 Vegetable Capsules, 60 mg, 3437739
Deep Freeze Pain Relief Cold, 100 Gm, 772136
Laperva No Added Sugar Spread, Crunchy Choco Black Nut, 300 Gm, 670197
Laperva Triple Power Pre-Workout Sachets, Cola & Blue Raspberry, 30 Sachets, 1960704
Source Naturals DLPA, 375 mg, 60 Tablets, 806839
Natural Factors Lg Cleanse Formula  , 90 Capsules, 2878157
Laperva Keto Fit Chocolate Caramel, 1 Bar, 184359
Solgar Zinc Citrate, 30 mg, 100 Veggie Capsules, 1362082
Natural Factors Quercetin Complex, 90 Veggie Capsules, 5383260
Laperva Keto Bar, Dark Chocolate, 1 Bar, 193034
Laperva Complete Vitamin C Complex, 1000 mg, 60 Tablets, 6899335
Natural Factors Seniors Multi Probiotic, 35 Billion Active Cells, 30 Veggie Capsules, 3439908
Voltaren Emulgel, 50 Gm, 761291
Laperva Potassium Salt, 80 Gm, 347028
Laperva Triple Zinc with Vitamin C Chewable Tabs, Orange, 60 Chewable Tablets, 3207833
Natural Factors Coconutrich  Extra Virgin Coconut Oil, 1000 mg, 120 Softgels, 0
Natural Factors DGL, 90 Chewable Tablets, 2763205
Laperva Oats Protein, Chocolate, 50, 4524368
Natural Factors Vitamin B6 250 Mg Plus 50 Mg Vitamin C, 250 mg, 90 Tablets, 0
Solgar Lutein, 30 Softgels, 40 mg, 2296887
Natural Factors Super Multi Iron Free, 180 Tablets, 5519902
Natural Factors Phosphatidyl Choline, 420 mg, 90 Softgels, 2980097
Laperva Sports Bar 85 Gm, Milk Chocolate, 1 Bar, 318832
Source Naturals Yeast Free Selenium, 200 mcg, 60 Tablets, 1466190
Laperva Memory Formula With Ginkgo Biloba, 60 Veggie Capsules, 1338224
Natural Factors Olive Leaf, 500 mg, 90 Capsules, 2301225
Laperva Vitamin B Complex Gummies, Strawberry, 60 Veggie Gummies, 1915157
Solgar Tart Cherry, 1000 mg, 90 Vegetable Capsules, 3819469
Natural Factors Critical Care Probiotic, 100 Billion Active Cells, 30 Veggie Capsules, 7035977
Betadine Antiseptic Solution, 500 ML, 1591988
Natural Factors Ultra Prim Evening Primrose Oil, 500 mg, 90 Softgels, 2763205
Laperva Muscle Testo Capsules, 120 Veggie Capsules, 6899335
Natural Factors Wellbetx Mulberry Extract, 100 mg, 90 Capsules, 2453049
Laperva Triple Vit Multivitamin, 60 Tablets, 7584714
Natural Factors Vitamin B1, 100 mg, 90 Tablets, 1732968
Natural Factors Celery Seed Standardized Extract, 60 Veggie Capsules, 2505103
Laperva Keto Fit Chocolate Caramel, 1 Bar, 184359
Solgar Zinc Citrate, 30 mg, 100 Veggie Capsules, 1362082
Natural Factors Quercetin Complex, 90 Veggie Capsules, 5383260
Laperva Keto Bar, Dark Chocolate, 1 Bar, 193034
Solgar Dry Vitamin E With Yeast Free Selenium, 100 Vegetable Capsules, 2053968
Laperva Sports Bar 42 Gm, Milk Chocolate With Dark Ganache Cocoa Nibs, 1 Bar, 186528
Natural Factors Betaine Hydrochloride With Fenugreek, 90 Veggie Capsules, 2301225
Source Naturals Acetyl L Carnitine and Alpha Lipoic Acid, 650 mg, 30 Tablets, 1260143
Laperva Keto Cola, 1 Piece, Cola, 114953
Solgar Phosphatidyl Serine, 200 mg, 60 Softgels, 4084077
Natural Factors Bromelain, 500 mg, 90 Capsules, 2878157
Laperva Coco Fit Bar, 1 Bar, 138811
Natural Factors Lung, Bronchial & Sinus Health, 45 Tablets, 2051799
Source Naturals PABA , 100 mg, 100 Tablets, 800332
Natural Factors SAMe, 200 mg, 30 Tablets, 4051543
Natural Factors Gluten Relief, 375 mg, 90 Veggie Capsules, 3682827
Laperva Almond Cashew Duo Bar, 1 Bar, 323170
Solgar Niacin (Vitamin B3), 500 mg, 100 Tablets, 1730799
Natural Factors Anti Cold Fresh Herb Extract Clinical Strength, 90 Softgels, 1776346
Solgar CoQ10, 30 Softgels, 100 mg, 3507144
Natural Factors Vitamin C 500 mg Chewable Wafer, Tropical Flavor, 90 Chewable Wafer, 1130008
Natural Factors Whey Factors Protein, Milk Chocolate, 907 Kg, 6979585
Solgar Choline, 350 mg, 100 Vegetable Capsules, 2977928
Natural Factors Coenzyme Q10, 60 mg, 120 Softgels, 4318320
Source Naturals Silymarin Plus, 30 Tablets, 1331717
Laperva Protein Donut, Dark Chocolate, 1 Piece, 0
Solgar Advanced Multi-billion Dophilus, 60 Vegetable Capsules, 2077826
Laperva Enjoy The Dream Gummies, Strawberry, 60 Veggie Gummies, 2750191
Solgar Advanced 40+ Acidophilus Plus, 120 Vegetable Capsules, 2396657
Solgar Beta 1,3 Glucans, 60 Tablets, 2179765
Natural Factors Complete B, 100 mg, 60 Tablets, 2763205
Natural Factors GABA, 100 mg, 60 Chewable Tablets, 4142638
Laperva Protein Chips, Barbecue, 1 Piece, 229906
Natural Factors Ultimate Multi Probiotic, 12 Billion Active Cells, 60 Veggie Capsules, 3682827
Laperva HMB Lean, 1000 mg, 60 Veggie Capsules, 1730799
Natural Factors Hi Potency B Complex, 50 mg, 60 Capsules, 2060474
Solgar L-Theanine, 60 Veggie Capsules, 150 mg, 2954070
Laperva Multivitamin and Minerals Gummies, 100 Veggie Gummies, Raspberry, 1915157
Natural Factors Vitamin B12, 1000 mcg, 60 Tablets, 1719954
Laperva Bread Bites, 1 Piece, Barbecue, 253764
Solgar Omega-3 Fish Oil Concentrate, 120 Softgels, 2168920
Natural Factors B6 Pyridoxine, 100 mg, 90 Capsules, 3170962
Source Naturals Policosanol with Coenzyme Q10, 10 mg, 60 Tablets, 2214468
Natural Factors Mixed Vitamin E, 200 IU, 90 Softgels, 2301225
Natural Factors N-Acetyl L-Cysteine, 500 mg, 90 Veggie Capsules, 2719826
Natural Factors Beta Carotene, 30000 IU, 90 Capsules, 4797652
Natural Factors Vitamin D3 Drops for Kids, 400 IU, 15 ML, 2060474
Natural Factors Vitamin B3, 100 mg, 90 Tablets, 1626690
Laperva Meta Booster, Cinnamon, 888 Ml, 6396146
Natural Factors Biotin, 300 mcg, 90 Tablets, 2060474
Natural Factors Clear Base Vitamin E, 400 IU, 90 Softgels, 3838989
Natural Factors Ubiquinol Active CoQ10, 200 mg, 30 Softgels, 5524240
Natural Factors Chromium GTF Chelate, 500 mcg, 90 Tablets, 5437483
Natural Factors Calcium Factor, 350 mg, 60 Tablets, 1893468
Natural Factors Sleep Relax, 90 Capsules, 3517989
Laperva Perfect Ananas Plus, 30, 3878029
Natural Factors CurcuminRich Theracurmin, 30 mg, 30 Veggie Capsules, 4637151
Natural Factors Selenium, 50 mcg, 90 Tablets, 1546440
Laperva Firm and Tightly Slimming Cream, 250 ML, 6662923
Solgar Double Strength Omega-3, 120 Softgels, 700 mg, 8077059
Natural Factors Oil Of Oregano, 180 mg, 60 Softgels, 2932380
Natural Factors L-Arginine, 90 Tablets, 1000 mg, 3461597
Laperva Carver Slimming Coffee 3 In 1, 30 Sachets, 6370119
Natural Factors Vitamin D3 Drops, 1000 IU, 15 ML, 0
Laperva Keto Diet Soup, Vegetable Cream, 68 Gm, 791656
Natural Factors Chromium & Vanadium, 125 mcg, 90 Capsules, 2060474
Source Naturals Butcher's Broom, 500 mg, 100 Tablets, 1145190
Natural Factors Grape Seed Extract, 100 mg, 90 Veggie Capsules, 6168409
Source Naturals Grape Seed Extract, 60 Tablets, 100 mg, 1038913
Source Naturals L Phenylalanine, 500 mg, 50 Tablets, 1186400
Natural Factors Super Strength Cherry Concentrate, 500 mg, 90 Softgels, 2980097
Laperva Iso Triple Zero Funnel, 50 Gm, 114953
Natural Factors Multi Factors Women 50 Plus, 90 Veggie Capsules, 3838989
Prime Hydration, Lemon Lime, 6 Sticks, 1038913
Laperva Perfect Portion, 30 Sticks, Elderberry, 8077059
Natural Factors Manganese Chelate, 25 mg, 90 Tablets, 2060474
Laperva Light Chips, Paprika, 25 Gm, 114953
Laperva Vitamin C Complex Plus Zinc, 20 Effervescent Tablets, Orange, 347028
Natural Factors Cascara Sagrada, 250 mg, 90 Veggie Capsules, 3682827
Laperva Protein Chocolate Cookies, Cookies and Cream, 1 Piece, 347028
Natural Factors Vitamin C Calcium Ascorbate, 1000 mg, 90 Capsules, 2030110
Solgar B-complex 100, 100 Tablets, 0
Natural Factors HemoFactors, 20 mg, 60 Chewable Tablets, 0
Laperva Blender Bottle Sportmixer Shaker, Black, 700 Ml, 659352
Natural Factors L-lysine, 500 mg, 90 Veggie Capsules, 2878157
Solgar Advanced Calcium Complex, 120 Tablets, 3624266
Natural Factors Vitamin C Extra, 180 Tablets, 500 mg, 3439908
Solgar Calcium Magnesium With Vitamin D3, 150 Tablets, 1939015
Natural Factors L-Glutamine, 500 mg, 60 Veggie Capsules, 2398826
Solgar Potassium, 100 Tablets, 1362082
Source Natural Guggulsterones, 60 Tablets, 923960
Natural Factors Vitamin A, 90 Softgels, 10000 IU, 2559326
Natural Factors Panax Ginseng, 100 mg, 60 Softgels, 2750191
Laperva Water Cut, 60 Veggie Capsules, 3253380
Laperva Keto Diet Soup, Vegetable Cream, 68 Gm, 791656
Natural Factors Chromium & Vanadium, 125 mcg, 90 Capsules, 2060474
Source Naturals Butcher's Broom, 500 mg, 100 Tablets, 1145190
Natural Factors Grape Seed Extract, 100 mg, 90 Veggie Capsules, 6168409
Source Naturals Grape Seed Extract, 60 Tablets, 100 mg, 1038913
Source Naturals L Phenylalanine, 500 mg, 50 Tablets, 1186400
Natural Factors Super Strength Cherry Concentrate, 500 mg, 90 Softgels, 2980097
Universal Nutrition Animal Flex Powder, Orange, 30, 2977928
Laperva Clean Diet, Fruit Punch, 30 Vials, 7730031
Natural Factors Chromium Picolinate, 250 mcg, 90 Tablets, 2769711
Natural Factors MSM, 1000 mg, 90 Capsules, 3517989
Natural Factors Saw Palmetto, 500 mg, 90 Capsules, 3682827
Source Naturals Serene Science Theanine Serene with Relora, 60 Tablets, 1268819
Solgar Gold Specifics Prostate Support, 60 Vegetable Capsules, 0
Laperva Joint Support, 90 Tablets, 1960704
Natural Factors Peppermint Oil With Oregano and Caraway Seed, 60 Softgels, 0
Laperva Magnesium Taurate, 60 Veggie Capsules, 625 mg, 1915157
Refined Nutrition Refined Ultra BCAA, Blue Raspberry Ice, 450 GM, 1800204
Mahrosh Saffron, 1 Gm, 659352
Natural Factors Super Cod Liver Oil, 90 Softgels, 2745853
Solgar Efa Omega-3-6-9, 60 Softgels, 1300 mg, 3622097
Natural Factors Acidophilus and Bifidus, 10 Billion Active Cells, 90 Capsules, 2060474
Laperva Tritan Purple Shaker, Purple, 600 ML, 1650549
Laperva IR Formula, 90 Veggie Capsules, 7862335
Natural Factors Vitamin B6, 50 mg, 90 Tablets, 2531130
Natural Factors Milk Thistle, 250 mg, 90 Capsules, 3682827
Source Naturals Alpha Lipoic Acid, 100 mg, 30 Tablets, 691886
Natural Factors 5-HTP, 60 Caplets, 50 mg, 3279408
Natural Factors Alpha Lipoic Acid, 200 mg, 60 Capsules, 1130008
Laperva Blender Bottle Stainless Steel Shaker, Reflex Blue, 1268819
Refined Nutrition Refined Joint Complex, 60 Tablets, 2769711
Natural Factors Hawthorn Extract, 300 mg, 60 Veggie Capsules, 6396146
Laperva Detox Coffee, 12 Sticks, 3808624
Natural Factors Calcium & Magnesium Citrate with D3 Plus Potassium, Zinc & Manganese, 90 Tablets, 2520286
Laperva Slender Plus, 60 Sachets, 12807473
Solgar 5-htp, 100 mg, 90 Vegetable Capsules, 5936335
Natural Factors Milk Thistle Phytosome, 150 mg, 90 Capsules, 3682827
Laperva Organic Ashwagandha, 2025 mg, 60 Tablets, 3554860
Natural Factors Bilberry, 40 mg, 60 Capsules, 1268819
Laperva Hair Factor, 12 Ampoules, 11054986
Laperva Keto Glutamine, Unflavored, 50, 1416305
Solgar Gaba, 500 mg, 50 Vegetable Capsules, 1140852
Natural Factors Kava Kava, 250 mg, 60 Veggie Capsules, 4604618
Natural Factors BioCoenzymated Active B Complex, 60 Veggie Capsules, 0
Laperva CLA Coffee 3 in 1, 20 Bags, 2613549
Solgar Formula Vm-75, 60 Tablets, 2422684
Natural Factors Lycopene, 10 mg, 60 Softgels, 5118652
Source Naturals Serene Science GABA, 750 mg, 45 Tablets, 923960
Natural Factors Flexable Glucosamine Sulfate, 500 mg, 180 Capsules, 3038657
Natural Factors PS Phosphatidylserine, 100 mg, 30 Softgels, 3199157
Laperva L Carnitine 3000, Tropical, 20 Vials, 5814875
Laperva Hazelnut Protein Bar, Chocolate Caramel, 1 Bar, 227737
Natural Factors Ginger Root, 1200 mg, 90 Veggie Capsules, 3357489
Laperva Biotin, 10000 mcg, 90 Veggie Capsules, 923960
Natural Factors Rutin, 250 mg, 90 Capsules, 900102
Laperva Enjoy the Dream, Lime Mint, 20 Vials, 4441949
Natural Factors Glucosamine & Chondroitin Sulfate, 900 mg, 120 Capsules, 4478820
Laperva Lipo Cut, 90 Veggie Capsules, 0
Natural Factors Saw Palmetto With Lycopene, 250 mg, 90 Softgels, 4318320
Natural Factors Complete Megazymes, 90 Tablets, 2641745
Refined Nutrition Refined Joint Complex, 60 Tablets, 2769711
Natural Factors Hawthorn Extract, 300 mg, 60 Veggie Capsules, 6396146
Laperva Detox Coffee, 12 Sticks, 3808624
Natural Factors Calcium & Magnesium Citrate with D3 Plus Potassium, Zinc & Manganese, 90 Tablets, 2520286
Laperva Slender Plus, 60 Sachets, 12807473
Solgar 5-htp, 100 mg, 90 Vegetable Capsules, 5936335
Natural Factors Milk Thistle Phytosome, 150 mg, 90 Capsules, 3682827
Laperva Organic Ashwagandha, 2025 mg, 60 Tablets, 3554860
Natural Factors Bilberry, 40 mg, 60 Capsules, 1268819
Laperva Hair Factor, 12 Ampoules, 11054986
Laperva Keto Glutamine, Unflavored, 50, 1416305
Solgar Gaba, 500 mg, 50 Vegetable Capsules, 1140852
Natural Factors Kava Kava, 250 mg, 60 Veggie Capsules, 4604618
Natural Factors BioCoenzymated Active B Complex, 60 Veggie Capsules, 0
Laperva CLA Coffee 3 in 1, 20 Bags, 2613549
Solgar Formula Vm-75, 60 Tablets, 2422684
Natural Factors Lycopene, 10 mg, 60 Softgels, 5118652
Source Naturals Serene Science GABA, 750 mg, 45 Tablets, 923960
Natural Factors Flexable Glucosamine Sulfate, 500 mg, 180 Capsules, 3038657
Natural Factors PS Phosphatidylserine, 100 mg, 30 Softgels, 3199157
Laperva L Carnitine 3000, Tropical, 20 Vials, 5814875
Laperva Hazelnut Protein Bar, Chocolate Caramel, 1 Bar, 227737
Natural Factors Ginger Root, 1200 mg, 90 Veggie Capsules, 3357489
Laperva Biotin, 10000 mcg, 90 Veggie Capsules, 923960
Natural Factors Rutin, 250 mg, 90 Capsules, 900102
Laperva Enjoy the Dream, Lime Mint, 20 Vials, 4441949
Natural Factors Glucosamine & Chondroitin Sulfate, 900 mg, 120 Capsules, 4478820
Laperva Lipo Cut, 90 Veggie Capsules, 0
Natural Factors Saw Palmetto With Lycopene, 250 mg, 90 Softgels, 4318320
Natural Factors Complete Megazymes, 90 Tablets, 2641745
Refined Nutrition Refined Joint Complex, 60 Tablets, 2769711
Natural Factors Hawthorn Extract, 300 mg, 60 Veggie Capsules, 6396146
Laperva Detox Coffee, 12 Sticks, 3808624
Natural Factors Calcium & Magnesium Citrate with D3 Plus Potassium, Zinc & Manganese, 90 Tablets, 2520286
Laperva Slender Plus, 60 Sachets, 12807473
Solgar 5-htp, 100 mg, 90 Vegetable Capsules, 5936335
Natural Factors Milk Thistle Phytosome, 150 mg, 90 Capsules, 3682827
Laperva Organic Ashwagandha, 2025 mg, 60 Tablets, 3554860
Natural Factors Bilberry, 40 mg, 60 Capsules, 1268819
Laperva Hair Factor, 12 Ampoules, 11054986
Applied Nutrition Lifestyle Shaker, Blue, 1 L, 483670
Optitect No Added Sugar Cookies, Dark Chocolate, 1 Piece, 585609
Planetary Herbals Ahcc, 500 mg, 60 Capsules, 4131793
Dr. Berg's Friendly Bacteria Probiotic Liquid, 500 ML, 6346260
Planetary Herbals Artichoke Extract, 500 mg, 60 Tablets, 945650
Muscletech 100% Mass Gainer, Chocolate Fudge Brownie, 5.15 LB, 2769711
Applied Nutrition Endurance Velocity Fuel Recovery Post Exercise Recovery, Strawberry, 1.5 KG, 1453177
Planetary Herbals Horny Goat Weed Full Spectrum, 1200 mg, 30 Tablets, 2179765
Now Biotin, 120 Veggie Capsules, 10000 mcg, 0
Muscletech Vapor X5 Next Gen, Blue Razz Freeze, 30, 3092880
Optitect Natural Honey, 700 Gm, 3969124
Planetary Herbals Stinging Nettles Freeze Dried, 420 mg, 60 Tablets, 1865272
Body Builder Shieldmixer Shaker, Black, 700 Ml, 854555
Optitect Perfect Nuts, 110 Gm, 303649
Applied Nutrition Clear Whey Protein, Watermelon, 875 GM, 2396657
Planetary Herbals Cordyceps Full Spectrum, 450 mg, 60 Tablets, 1865272
Dr.Berg Advanced Immune Support, 90 Capsules, 4264097
Optitect Optimum Multivitamin and Minerals, 30 Tablets, 527048
Muscletech Nitro Tech Ripped Lean Protein & Weight Loss, Chocolate Fudge Brownie, 2 LB, 2446542
Body Builder Trainer Gloves, L, Grey-Blue, 806839
Planetary Herbals Horse Chestnut Cream, 2 Oz, 2422684
Applied Nutrition High Protein Shake, White Chocolate, 330 ML, 253764
Body Builder Wrist Support Gloves, L, Black, 785150
Planetary Herbals Horse Chestnut Vein Strength, 705 mg, 42 Tablets, 1212427
MuscleTech Hydroxycut Hardcore Elite, 110 Capsules, 1383771
Body Builder T-Shirt Premium, S, Black & Yellow, 438122
Planetary Herbals Soy 1000 Full Spectrum, 1000 mg, 60 Tablets, 854555
Applied Nutrition Beta Alanine, 1500 mg, 120 Capsules, 1939015
Optitect Smart Electric Blender Chargeable, White, 1800204
Muscletech Platinum Glutamine, Unflavored, 60, 1407630
Applied Nutrition L Citrulline, 1500 mg, 120 Capsules, 1869610
Optitect Smart Kitchen Scale, Purple, 2283873
Applied Nutrition Endurance Velocity Fuel Pure Caffeine, 100 mg, 90 Capsules, 1706941
Body Builder T-Shirt, XL, Black, 323170
Dr.Berg Chewable Vitamin C Complex, 60 Chewable Wafers, 5543760
Optitect Antibacterial Reusable Face Mask, L, 347028
Muscletech Clear Muscle Hmb Free Acid, 42 Softgels, 2515948
Body Builder Super Men's Multivitamin, 60 Capsules, 2220975
Applied Nutrition Critical Cookie, Double Chocolate, 1 Piece, 318832
Planetary Herbals Schisandra Adrenal Complex, 710 mg, 60 Tablets, 735264
Dr.Berg Trace Minerals Enhanced, 60 Capsules, 4925618
Dr.Berg Cruciferous Superfood, 250 Veggie Capsules, 8556390
Optitect Smart Scale, White, 2283873
Applied Nutrition ABE Ultimate Pre Workout Drink, Fruit Candy, 1 Piece, 184359
Planetary Herbals Guggul Cholesterol Compound, 375 mg, 42 Tablets, 0
Applied Nutrition ABE Ultimate Pre Workout Gel, Cherry Cola, 1 Piece, 208217
Body Builder Glutamine, 60, Unflavored, 806839
Planetary Herbals Rehmannia Endurance, 637 mg, 75 Tablets, 939143
Dr.Berg Nutritional Yeast, 270 Tablets, 3899719
Optitect Quinoa Rings Snack, Cheese, 30 Gm, 138811
Muscletech Iso Whey Clear, Orange Dreamsicle, 1LB, 2468231
Body Builder Multivitamin, 60 Tablets, 3622097
Optitect Kids Disposable Face Mask, 50 Pcs, 151825
Muscletech Amino Build, Strawberry Watermelon, 40, 1845751
Planetary Herbals Chaga Full Spectrum, 1000 mg, 30 Tablets, 1817555
Optitect Protein Keto Diet Crackers, Thyme, 100 Gm, 264609
Applied Nutrition ABE, Swizzels Refreshers Lemon, 315 Gm, 1685251
Body Builder Shaker, White, 700 Ml, 399082
Planetary Herbals Myelin Sheath Support, 820 mg, 90 Tablets, 3730543
Optitect Firming Belt, Free Size, Black, 2422684
Applied Nutrition Critical Oats Protein Porridge, Golden Syrup, 600 Gm, 1730799
Planetary Herbals Amla Superfruit, 500 mg, 120 Tablets, 1999745
Planetary Herbals Olive Leaf Extract, 825 mg, 60 Tablets, 0
Muscletech Platinum 8-Hour Protein, 4.4 Lb, Vanilla Cake, 4591604
Applied Nutrition Carb X, Orange Burst, 1.2 Kg, 2492090
Planetary Herbals Stone Free, 820 mg, 90 Tablets, 989028
Applied Nutrition Diet Whey Iso Whey Blend, Chocolate Dessert, 1 kg, 2654759
Planetary Herbals Astragalus Extract Full Spectrum, 500 mg, 60 Tablets, 702731
Optitect Arabica Microground Coffee 3 in 1, 24 Stick Packs, 1880454
Optitect Arabica Microground Coffee 2 in 1, 24 Stick Packs, 2030110
Now EGCg Green Tea Extract, 90 Veggie Capsules, 400 mg, 1338224
Planetary Herbals, Michael Tierras, Tri Cleanse, Complete Internal Cleanser, 10 Oz, 2179765
OptiTect Peanut Butter with Milk Chocolate, 200 Gm, 691886
Planetary Herbals Milk Thistle Seed Extract Full Spectrum, 260 mg, 30 Tablets, 1212427
Planetary Herbals Andrographis Full Spectrum, 400 mg, 60 Tablets, 702731
Optitect Oat Plus 4 in 1 Instant Cereal, 20 Sachets, 1084460
Planetary Herbals Echinacea-goldenseal With Olive Leaf, 635 mg, 30 Tablets, 1696096
Planetary Herbals Uva Ursi, 780 mg, 72 Tablets, 3635110
Applied Nutrition Flavo Drops, Chocolate, 38 ML, 483670
Applied Nutrition Amino Fuel EAA, Fruit Salad, 30, 1754657
Applied Nutrition iDrive, 120 Capsules, 3199157
Planetary Herbals Cinnamon Extract Full Spectrum, 200 mg, 60 Tablets, 678872
Swanson Mellow Mag, Raspberry Lemonade, 1LB, 3465935
Applied Nutrition Marine Collagen, Cherry & Apple, 300 Gm, 3368333
Applied Nutrition L Arginine, 1500 mg, 120 Capsules, 1706941
Planetary Herbals Rhodiola Rosea Extract Full Spectrum, 327 mg, 60 Tablets, 735264
Applied Nutrition L Carnitine, 120 Capsules, 1730799
Applied Nutrition Mct Oil, 490 ML, 1960704
Applied Nutrition Pump 3G Zero Stimulant, Icy Blue Raz, 25, 2008420
Applied Nutrition AAKG, 120 Capsules, 750447
Planetary Herbals Damiana Male Potential, 575 mg, 45 Tablets, 678872
Swanson L-Glutathione Cream with Setria Glutathione, 59 ML, 2266522
Planetary Herbals Valerian Extract Full Spectrum, 60 Tablets, 650 mg, 1696096
Applied Nutrition Leucine, 160 Tablets, 1331717
Applied Nutrition Low Cal Syrup, Strawberry, 425 ML, 368717
Planetary Herbals Thyroid Lift, 120 Tablets, 6662923
Applied Nutrition Endurance Velocity Fuel Sprint Isotonic Energy Gel Plus Caffeine, Fruit Burst, 1 Piece, 149656
Planetary Herbals Andrographis Respiratory Wellness, 895 mg, 120 Tablets, 1186400
Applied Nutrition HMB, 500 mg, 120 Capsules, 1568130
Planetary Herbals Trikatu Sinus Complex, 1000 mg, 60 Tablets, 1574636
GlutaGloss Herbal Whitening Soap, 135 Gm, 581271
Applied Nutrition Endurance Isotonic Energy Gel, 1 Piece, 0
Planetary Herbals Slippery Elm Lozenges With Echinacea and Vitamin C Tangerine Lozenge, 200 mg, 24 Lozenge, 848048
Planetary Herbals Corydalis Minor Pain Relief, 750 mg, 30 Tablets, 2060474
Applied Nutrition Cream of Rice, Apple Crumble, 1 kg, 923960
Life Extension Children Formula Mix, 120 Chewable Tablets, Berry, 2591860
Now Lutein Double Strength, 90 Veggie Capsules, 20 mg, 1615846
Applied Nutrition L Carnitine Liquid, 3000 mg, Tangy Orange, 1754657
Planetary Herbals Triphala Gold, 1000 mg, 60 Tablets, 1574636
Life Extension One-Per-Day Multivitamin, 60 Tablets, 2286042
Laperva Vital Man, 60 Tablets, 6116355
Natural Factors Pycnogenol, 25 mg, 60 Capsules, 0
Natural Factors Unbleached Lecithin, 90 Softgels, 1200 mg, 2763205
Laperva Diet Jelly, Strawberry, 170 Gm, 533555
Laperva Slimming Suit, 6 XL, Black, 4441949
Solgar Astaxanthin, 10 mg, 30 Softgels, 2008420
Laperva Tribulus, 3000 mg, 90 Tablets, 1800204
Laperva Psyllium Husks, 10 g, 300 Gm, 3173130
Laperva Triple Organic Maca, 1500 mg, 90 Veggie Capsules, 1247129
Laperva Spirulina, 90 Veggie Capsules, 2000 mg, 2008420
Laperva Amino Tablets, 7500 mg, 300 Tablets, 1685251
Solgar Yeast-free Selenium, 100 mcg, 100 Tablets, 1381603
Laperva Vibration and Massage Device, 1 Piece, 13731433
Laperva Hoodia, 1000 mg, 90 Tablets, 2283873
Laperva Marine Collagen, 90 Veggie Capsules, 1350 mg, 969508
Laperva Liver Support, 60 Veggie Capsules, 876244
Solgar Wild Oregano Oil, 60 Softgels, 1867441
Laperva Colon Health, 60 Veggie Capsules, 1730799
Solgar Hyaluronic Acid, 120 mg, 30 Tablets, 5136003
Laperva L Arginine L Citrulline Beta Alanine, 60 Veggie Capsules, 969508
Natural Factors B12 Methylcobalamin, 1000 mcg, 90 Chewable Tablets, 2301225
Laperva Air Walker 2 In 1 Split, 1 Piece, 12807473
Laperva Mushroom Immune Complex, 60 Veggie Capsules, 1108319
Laperva Cal Mag with D3 Formula, 1000 mg, 60 Tablets, 576933
Natural Factors Vitamin K , D, 60 Softgels, 5539422
Laperva Berberine Complex, 60 Veggie Capsules, 1200 mg, 2654759
Natural Factors Wild Pacific Salmon Oil, 1000 mg, 90 Softgels, 3678489
Solgar Vitamin E, 1000 IU, 100 Softgels, 3886705
Natural Factors Organic Oil Of Oregano, 30 Ml, 2301225
Natural Factors Potassium Citrate, 99 mg, 90 Tablets, 2060474
Laperva Vital Man, 60 Tablets, 6116355
Natural Factors Pycnogenol, 25 mg, 60 Capsules, 0
Natural Factors Unbleached Lecithin, 90 Softgels, 1200 mg, 2763205
Laperva Diet Jelly, Strawberry, 170 Gm, 533555
Laperva Slimming Suit, 6 XL, Black, 4441949
Solgar Astaxanthin, 10 mg, 30 Softgels, 2008420
Laperva Tribulus, 3000 mg, 90 Tablets, 1800204
Laperva Psyllium Husks, 10 g, 300 Gm, 3173130
Laperva Triple Organic Maca, 1500 mg, 90 Veggie Capsules, 1247129
Laperva Spirulina, 90 Veggie Capsules, 2000 mg, 2008420
Laperva Amino Tablets, 7500 mg, 300 Tablets, 1685251
Solgar Yeast-free Selenium, 100 mcg, 100 Tablets, 1381603
Laperva Vibration and Massage Device, 1 Piece, 13731433
Laperva Hoodia, 1000 mg, 90 Tablets, 2283873
Laperva Marine Collagen, 90 Veggie Capsules, 1350 mg, 969508
Laperva Liver Support, 60 Veggie Capsules, 876244
Solgar Wild Oregano Oil, 60 Softgels, 1867441
Laperva Colon Health, 60 Veggie Capsules, 1730799
Solgar Hyaluronic Acid, 120 mg, 30 Tablets, 5136003
Laperva L Arginine L Citrulline Beta Alanine, 60 Veggie Capsules, 969508
Natural Factors B12 Methylcobalamin, 1000 mcg, 90 Chewable Tablets, 2301225
Laperva Air Walker 2 In 1 Split, 1 Piece, 12807473
Laperva Mushroom Immune Complex, 60 Veggie Capsules, 1108319
Laperva Cal Mag with D3 Formula, 1000 mg, 60 Tablets, 576933
Natural Factors Vitamin K , D, 60 Softgels, 5539422
Laperva Berberine Complex, 60 Veggie Capsules, 1200 mg, 2654759
Natural Factors Wild Pacific Salmon Oil, 1000 mg, 90 Softgels, 3678489
Solgar Vitamin E, 1000 IU, 100 Softgels, 3886705
Natural Factors Organic Oil Of Oregano, 30 Ml, 2301225
Natural Factors Potassium Citrate, 99 mg, 90 Tablets, 2060474
Laperva Vital Man, 60 Tablets, 6116355
Natural Factors Pycnogenol, 25 mg, 60 Capsules, 0
Natural Factors Unbleached Lecithin, 90 Softgels, 1200 mg, 2763205
Laperva Diet Jelly, Strawberry, 170 Gm, 533555
Laperva Slimming Suit, 6 XL, Black, 4441949
Solgar Astaxanthin, 10 mg, 30 Softgels, 2008420
Laperva Tribulus, 3000 mg, 90 Tablets, 1800204
Laperva Psyllium Husks, 10 g, 300 Gm, 3173130
Laperva Triple Organic Maca, 1500 mg, 90 Veggie Capsules, 1247129
Laperva Spirulina, 90 Veggie Capsules, 2000 mg, 2008420
Laperva Amino Tablets, 7500 mg, 300 Tablets, 1685251
Solgar Yeast-free Selenium, 100 mcg, 100 Tablets, 1381603
Laperva Vibration and Massage Device, 1 Piece, 13731433
Laperva Hoodia, 1000 mg, 90 Tablets, 2283873
Laperva Marine Collagen, 90 Veggie Capsules, 1350 mg, 969508
Laperva Liver Support, 60 Veggie Capsules, 876244
Solgar Wild Oregano Oil, 60 Softgels, 1867441
Laperva Colon Health, 60 Veggie Capsules, 1730799
Solgar Hyaluronic Acid, 120 mg, 30 Tablets, 5136003
Laperva L Arginine L Citrulline Beta Alanine, 60 Veggie Capsules, 969508
Natural Factors B12 Methylcobalamin, 1000 mcg, 90 Chewable Tablets, 2301225
Laperva Air Walker 2 In 1 Split, 1 Piece, 12807473
Laperva Mushroom Immune Complex, 60 Veggie Capsules, 1108319
Laperva Cal Mag with D3 Formula, 1000 mg, 60 Tablets, 576933
Natural Factors Vitamin K , D, 60 Softgels, 5539422
Laperva Berberine Complex, 60 Veggie Capsules, 1200 mg, 2654759
Natural Factors Wild Pacific Salmon Oil, 1000 mg, 90 Softgels, 3678489
Solgar Vitamin E, 1000 IU, 100 Softgels, 3886705
Natural Factors Organic Oil Of Oregano, 30 Ml, 2301225
Natural Factors Potassium Citrate, 99 mg, 90 Tablets, 2060474
Laperva Vital Man, 60 Tablets, 6116355
Natural Factors Pycnogenol, 25 mg, 60 Capsules, 0
Natural Factors Unbleached Lecithin, 90 Softgels, 1200 mg, 2763205
Laperva Diet Jelly, Strawberry, 170 Gm, 533555
Laperva Slimming Suit, 6 XL, Black, 4441949
Solgar Astaxanthin, 10 mg, 30 Softgels, 2008420
Laperva Tribulus, 3000 mg, 90 Tablets, 1800204
Laperva Psyllium Husks, 10 g, 300 Gm, 3173130
Laperva Triple Organic Maca, 1500 mg, 90 Veggie Capsules, 1247129
Laperva Spirulina, 90 Veggie Capsules, 2000 mg, 2008420
Laperva Amino Tablets, 7500 mg, 300 Tablets, 1685251
Solgar Yeast-free Selenium, 100 mcg, 100 Tablets, 1381603
Laperva Vibration and Massage Device, 1 Piece, 13731433
Laperva Hoodia, 1000 mg, 90 Tablets, 2283873
Laperva Marine Collagen, 90 Veggie Capsules, 1350 mg, 969508
Laperva Liver Support, 60 Veggie Capsules, 876244
Solgar Wild Oregano Oil, 60 Softgels, 1867441
Laperva Colon Health, 60 Veggie Capsules, 1730799
Solgar Hyaluronic Acid, 120 mg, 30 Tablets, 5136003
Laperva L Arginine L Citrulline Beta Alanine, 60 Veggie Capsules, 969508
Natural Factors B12 Methylcobalamin, 1000 mcg, 90 Chewable Tablets, 2301225
Laperva Air Walker 2 In 1 Split, 1 Piece, 12807473
Laperva Mushroom Immune Complex, 60 Veggie Capsules, 1108319
Laperva Cal Mag with D3 Formula, 1000 mg, 60 Tablets, 576933
Natural Factors Vitamin K , D, 60 Softgels, 5539422
Laperva Berberine Complex, 60 Veggie Capsules, 1200 mg, 2654759
Natural Factors Wild Pacific Salmon Oil, 1000 mg, 90 Softgels, 2769711
Panadol Joint, 24 Tablets, 665 mg, 681041
Life Extension Toothpaste, Mint, 4 Oz, 1106150
Lacto Calamine Classic Moisturiser, 120 ML, 581271
Refined Nutrition 100% Whey Isolate Zero, Baklava Ice Cream, 908 Gm, 3437739
Planetary Herbals Jiaogulan Full Spectrum, 375 mg, 60 Tablets, 2641745
Planetary Herbals Candida Digest, 800 mg, 90 Tablets, 1138683
Planetary Herbals Arjuna Full Spectrum, 500 mg, 120 Tablets, 945650
Planetary Herbals Hawthorn Extract Full Spectrum, 550 mg, 60 Tablets, 2132049
Swanson Vitamin E Cream, 4 Oz, 2906353
Now Castor Oil, 118 ML, 0
Now Lutein & Zeaxanthin, 60 Softgels, 0
Now DMAE, 100 Veggie Capsules, 250 mg, 1199413
Swanson Vitamin K1, 100 mcg, 100 Tablets, 1396785
Refined Nutrition Refined Detox Complex, 60 Tablets, 2301225
Now L-Glutathione , 60 Veggie Capsules, 250 mg, 2769711
Life Extension Zinc, 90 Veggie Capsules, 50 mg, 878413
Now Quercetin With Bromelain, 120 Veggie Capsules, 2214468
Feather Flamingos Lady's Razor, Pack of 3 Pcs, 461980
Life Extension Bone Restore, 120 Capsules, 1696096
Swanson Biotin with Silica Conditioner, 237 Ml, 1598495
Swanson Argan Oil Ultra Moisturizing Night Cream, 59 ML, 1999745
Laperva Triple Power Ripped Plus, Strawberry Watermelon, 300 Gm, 2999617
Now D-Mannose, 120 Veggie Capsules, 500 mg, 1494386
Body Builder Weight Lifting Wraps Hook, Pack of 2 Pcs, Black, 1845751
Now Milk Thistle Extract, 50  Veggie Capsules, 300 mg, 923960
Swanson Biotin with Silica Shampoo, 237 Ml, 1067109
Now Eve, 180 Softgels, 3138428
Now Blood Pressure Health, 90 Veggie Capsules, 0
Refined Nutrition UltraMan, 60 Tablets, 2908522
Now Amino Complete, 360 Veggie Capsules, 2769711
Panadol Joint, 24 Tablets, 665 mg, 681041
Life Extension Toothpaste, Mint, 4 Oz, 1106150
Lacto Calamine Classic Moisturiser, 120 ML, 581271
Refined Nutrition 100% Whey Isolate Zero, Baklava Ice Cream, 908 Gm, 3437739
Planetary Herbals Jiaogulan Full Spectrum, 375 mg, 60 Tablets, 2641745
Planetary Herbals Candida Digest, 800 mg, 90 Tablets, 1138683
Planetary Herbals Arjuna Full Spectrum, 500 mg, 120 Tablets, 945650
Planetary Herbals Hawthorn Extract Full Spectrum, 550 mg, 60 Tablets, 2132049
Swanson Vitamin E Cream, 4 Oz, 2906353
Now Castor Oil, 118 ML, 0
Now Lutein & Zeaxanthin, 60 Softgels, 0
Now DMAE, 100 Veggie Capsules, 250 mg, 1199413
Swanson Vitamin K1, 100 mcg, 100 Tablets, 1396785
Refined Nutrition Refined Detox Complex, 60 Tablets, 2301225
Now L-Glutathione , 60 Veggie Capsules, 250 mg, 2769711
Life Extension Zinc, 90 Veggie Capsules, 50 mg, 878413
Now Quercetin With Bromelain, 120 Veggie Capsules, 2214468
Feather Flamingos Lady's Razor, Pack of 3 Pcs, 461980
Life Extension Bone Restore, 120 Capsules, 1696096
Swanson Biotin with Silica Conditioner, 237 Ml, 1598495
Swanson Argan Oil Ultra Moisturizing Night Cream, 59 ML, 1999745
Laperva Triple Power Ripped Plus, Strawberry Watermelon, 300 Gm, 2999617
Now D-Mannose, 120 Veggie Capsules, 500 mg, 1494386
Body Builder Weight Lifting Wraps Hook, Pack of 2 Pcs, Black, 1845751
Now Milk Thistle Extract, 50  Veggie Capsules, 300 mg, 923960
Swanson Biotin with Silica Shampoo, 237 Ml, 1067109
Now Eve, 180 Softgels, 3138428
Now Blood Pressure Health, 90 Veggie Capsules, 0
Refined Nutrition UltraMan, 60 Tablets, 2908522
Now Amino Complete, 360 Veggie Capsules, 2769711
Panadol Joint, 24 Tablets, 665 mg, 681041
Life Extension Toothpaste, Mint, 4 Oz, 1106150
Lacto Calamine Classic Moisturiser, 120 ML, 581271
Refined Nutrition 100% Whey Isolate Zero, Baklava Ice Cream, 908 Gm, 3437739
Planetary Herbals Jiaogulan Full Spectrum, 375 mg, 60 Tablets, 2641745
Planetary Herbals Candida Digest, 800 mg, 90 Tablets, 1138683
Planetary Herbals Arjuna Full Spectrum, 500 mg, 120 Tablets, 945650
Planetary Herbals Hawthorn Extract Full Spectrum, 550 mg, 60 Tablets, 2132049
Swanson Vitamin E Cream, 4 Oz, 2906353
Now Castor Oil, 118 ML, 0
Now Lutein & Zeaxanthin, 60 Softgels, 2030110
Optimum Nutrition Opti-Men Multivitamin, 90 Tablets, 2114697
Nutrex Lipo 6 Black Ultra Concentrate Fat Destroyer, 60 Capsules, 1223271
Nutrex Lipo 6 Black Hers Ultra Concentrate, 60 Capsules, 1268819
Optimum Nutrition Superior Amino 2222, 160 Tablets, 1591988
Optimum Nutrition ZMA, 90 Capsules, 1637535
Optimum Nutrition Opti-Women Multivitamin, 120 Capsules, 2446542
Universal Nutrition Animal Omega, 30 Packs, 3739219
Universal Nutrition Animal Flex, 44 Packs, 3437739
Universal Nutrition Animal Nitro, 44 Packs, 4591604
Universal Nutrition Animal Fury, Watermelon, 20, 2400995
Now Horny Goat Weed Extract, 90 Tablets, 750 mg, 1845751
Now TMG Betaine, 100 Tablets, 1000 mg, 0
Aroma Tierra Argan Oil, 30 Ml, 1598495
Now B-50, 100 Veggie Capsules, 2301225
Applied Nutrition R-ALA, 60 Capsules, 2030110
Now Pau D'Arco, 250 Veggie Capsules, 500 mg, 1338224
Bio Nutrition Super Konjac Diet, 90 Veggie Capsules, 5814875
Now Vitamin A, 250 Softgels, 10000 IU, 1223271
Nature's Way Uva Ursi Leaves, 100 Veggie Capsules, 480 mg, 3808624
Now L-Arginine Double Strength, 120 Tablets, 1000 mg, 0
Now Oregano Oil, 90 Veggie Capsules, 1130008
Aroma Tierra Organic Rosemary Essential Oil, 10 ML, 1813218
Solgar Iron-Free Formula VM-75, 90 Tablets, 2745853
Efx Sports Karbolyn Fuel, Strawberry Kiwi, 2 LB, 3207833
Cellucor C4 Original Carbonated Energy Drink, Frozen Bombsicle, 473 Ml, 399082
Aroma Tierra Organic Lavender Essential Oil, 10 ML, 1813218
Bioderma Photoderm Fluid Max SPF 100, Very Light, 40 ML, 3513651
Gaviscon Liquid Suspension, 200 ML, 448967
Protein2o Protein Infused Water Plus Energy, Blueberry Raspberry, 500 ML, 277622
Protein2o Protein Infused Water Plus Electrolytes, Tropical Coconut, 500 ML, 277622
Protein2o Protein Infused Water, Harvest Grape, 500 ML, 253764
Nature's Best Isopure Zero Carb Protein, Cookies and Cream, 1LB, 2353279
Zolli Candy pops, Strawberry, 87 Gm, 628987
Shieldmixer Hero Pro Batman Classic, 700 Ml, 1268819
Shieldmixer Hero Pro Superman Classic, 700 Ml, 1268819
Shieldmixer Hero Pro  Flash Classic, 700 Ml, 1268819
Shieldmixer Hero Pro Catwoman Classic, 700 Ml, 1268819
Shieldmixer Hero Pro Cyborg Mini Classic, 700 Ml, 1268819
Solgar Calcium Citrate With Vitamin D3, 120 Tablets, 0
Applied Nutrition L Glutamine Powder Micronized, Unflavored, 250 Gm, 1331717
Source Naturals Wellness Larch Extract, 1000 mg, 30 Tablets, 1939015
Natural Factors Extra Strength RxOmega-3, 600 mg, 60 Softgels, 2878157
Myprotein Creatine Monohydrate, 250 Gm, Unflavored, 1615846
Natural Factors MSM & Glucosamine Sulfate, 180 Capsules, 5276983
Source Naturals Glucosamine Chondroitin Complex with MSM, 240 Tablets, 7027301
Source Naturals Blood Pressure Response, 60 Tablets, 4530874
Swanson Chlorophyll As Chlorophyllin, 60 mg, 300 Veggie Capsules, 4665347
Body Builder Iso 25000, Gourmet Chocolate, 4 LB, 4268435
Source Naturals Turmeric with Meriva, 500 mg, 60 Tablets, 2665603
Solgar Liquid Calcium Magnesium Citrate With Vitamin D3, Blueberry, 473 Ml, 1500893
Solgar Full Spectrum Curcumin, 30 Liquid Filled Softgels, 3878029
Natural Factors Magnesium Oxide, 250 mg, 90 Caplets, 2025772
